,Séquentiel,SID,Heure de soumission,Heure de complétion,Heure de modification,Brouillon,Adresse IP,UID,Nom d'utilisateur,"Quelle est votre structure d'appartenance (DREAL, DDT, DRAAF...) ?",Dans quel service travaillez-vous ?,Pour la réalisation de mes missions j'ai besoin d'accèder aux données et/ou de les visualiser,Souhaiteriez-vous suivre une formation sur un outil d'accès ou de visualisation de données ?,je fais une demande au service compétent,"je sais où trouver la donnée (données internes, extérieures, open data…)","je connais les formats de données, je sais choisir l’outil pour ouvrir la donnée","Outil web intéractif, type tableau de bord","Plateforme web d’accès aux données (géo-ide, DataGrandEst, Observatoires….)","Calc, Excel",QGis,Infocentre (Business object),Access,Metabase,pgAdmin,Beyond,Souhaiteriez-vous suivre une formation sur un des outils ci-dessus ?,"Si oui, lequel/lesquels et pour quelles utilisations ?","Utilisez-vous un outil qui n'est pas dans liste ci-dessus pour accéder aux données ou les visualiser ? Si oui, lequel/lesquels ?",Pour la réalisation de mes missions j'ai besoin de réaliser des traitements sur les données,Souhaiteriez-vous suivre une formation sur un outil de traitement de données ?,je sais produire de la donnée,je sais mettre en qualité les données récupérées,"je sais croiser des données (avec des référentiels, données métier …)",Je sais réaliser des analyses,"Calc, Excel.1",QGis.1,Map info,ArcGIS,Infocentre (Business object).1,SAS,Access.1,R,Python,Souhaiteriez-vous suivre une formation sur un des outils ci-dessus ?.1,"Si oui, lequel/lesquels et pour quelles utilisations ?.1","Utilisez-vous un outil qui n'est pas dans liste ci-dessus pour faire du traitement de données ? Si oui, lequel/lesquels ?",Pour la réalisation de mes missions je fais de la gestion et de l'administration de données,Souhaiteriez-vous suivre une formation sur un outil de gestion et d'administration de données ?,je sais structurer les données pour les intégrer à une base de données,je sais créer une base de données,"je sais gérer une base de données (arborescente, relationnelle…)","Je sais administrer un serveur de base de données (gestion des droits utilisateurs, capacité….)","Calc, Excel.2",QGis.2,Asgard (module QGis),Access.2,"pgAdmin, pSQL (postgre/postgis)",MySQL,Souhaiteriez-vous suivre une formation sur un des outils ci-dessus ?.2,"Si oui, lequel/lesquels et pour quelles utilisations ?.2","Utilisez-vous un outil qui n'est pas dans liste ci-dessus pour gérer et administrer les données ? Si oui, lequel/lesquels ?",Pour la réalisation de mes missions j'administre des outils de visualisation de données,Souhaiteriez-vous suivre une formation sur un outil de visualisation de données ?,"Calc, Excel.3",Infocentre (Business object).2,Access.3,DataGrandEst,Géo-IDE carto,Apache Superset,Metabase et outils similaires,Souhaiteriez-vous suivre une formation sur un des outils ci-dessus ?.3,"Si oui, lequel/lesquels et pour quelles utilisations ?.3","Utilisez-vous un outil qui n'est pas dans liste ci-dessus pour visualiser les données ? Si oui, lequel/lesquels ?",Pour la réalisation de mes missions je fais de l'automatisation (par exemple pour le traitement de données,Souhaiteriez-vous suivre une formation sur un langage d'automatisation de traitements ?,je sais utiliser des scripts existants,"je sais adapter des scripts existants (nouvelles données, nouveau traitement)",je sais créer des scripts,"Calc, Excel (macros)","Python (PyCharm, Jupyter, Spyder, Anaconda, VS CODE, Qgis, …)",R (RStudio...),"pgAdmin, pSQL (postgre/postgis).1",GitLab,Souhaiteriez-vous suivre une formation sur un des outils ci-dessus ?.4,"Si oui, lequel/lesquels et pour quelles utilisations ?.4","Utilisez-vous un outil qui n'est pas dans liste ci-dessus pour automatiser les traitements de données ? Si oui, lequel/lesquels ?","Pour la réalisation de mes missions, je développe des applications (web, locale, ...) et des scripts, y compris en mode gestion de projet",Souhaiteriez-vous suivre une formation sur un outil ou langage de développement d'applications ?,je sais développer des applications ou des scripts,je sais gérer un projet de développement,"Python (PyCharm, Jupyter, Spyder, Anaconda, VS CODE, Qgis, …).1","RShiny (RStudio, Golem, …)",Javascript,Access.4,QGis (developpement de plugin),Taïga : outil agile,GitLab.1,RedMine (ticketing),Resana,Souhaiteriez-vous suivre une formation sur un des outils ci-dessus ?.5,"Si oui, lequel/lesquels et pour quelles utilisations ?.5","Utilisez-vous un outil qui n'est pas dans liste ci-dessus pour gérer et admnistrer les données ? Si oui, lequel/lesquels ?",Inscrivez-vous pour être tenu au courant de l'avancée du projet
0,8,14289931,06/12/2022 - 16:24,06/12/2022 - 16:24,06/12/2022 - 16:24,0,0.0.0.0,0,Anonymous,DREAL,SEE,Oui,,X,X,X,avancé,débutant,avancé,avancé,jamais utilisé,avancé,jamais utilisé,jamais utilisé,jamais utilisé,Non,,,Non,Non,,,,,,,,,,,,,,,,,Non,Oui,,,,,,,,,,,,,,Non,Non,,,,,,,,,,,Non,Non,,,,,,,,,,,,Non,Non,,,,,,,,,,,,,,,1
1,9,14298696,07/12/2022 - 10:06,07/12/2022 - 10:06,07/12/2022 - 10:06,0,0.0.0.0,0,Anonymous,DDT10,SAME,Oui,,,X,X,débutant,avancé,expert,expert,débutant,jamais utilisé,jamais utilisé,débutant,jamais utilisé,Non,,,Oui,,X,X,X,X,expert,expert,avancé,jamais utilisé,débutant,jamais utilisé,jamais utilisé,débutant,débutant,Oui,"R,Python",,Oui,,X,X,X,,expert,expert,jamais utilisé,jamais utilisé,débutant,jamais utilisé,Oui,Asgard,,Oui,,expert,débutant,jamais utilisé,débutant,avancé,jamais utilisé,jamais utilisé,Non,,,Non,Oui,,,,,,,,,,,,Non,Non,,,,,,,,,,,,,,,1
2,10,14304355,07/12/2022 - 15:01,07/12/2022 - 15:01,07/12/2022 - 15:01,0,0.0.0.0,0,Anonymous,DDT10,SAME,Oui,,,X,X,débutant,débutant,débutant,débutant,débutant,débutant,jamais utilisé,jamais utilisé,débutant,Non,,,Oui,,X,X,X,X,débutant,débutant,débutant,jamais utilisé,débutant,jamais utilisé,débutant,jamais utilisé,jamais utilisé,Non,,,Oui,,X,X,X,,jamais utilisé,jamais utilisé,jamais utilisé,débutant,jamais utilisé,débutant,Non,,,Non,Non,,,,,,,,,,,Non,Non,,,,,,,,,,,,Non,Non,,,,,,,,,,,,,,,1
3,11,14305280,07/12/2022 - 15:41,07/12/2022 - 15:41,07/12/2022 - 15:41,0,0.0.0.0,0,Anonymous,DREAL,SCDD,Oui,,,X,X,expert,débutant,avancé,débutant,débutant,avancé,jamais utilisé,avancé,jamais utilisé,Oui,"Metabase,QGIS;débutant,Calc;avancé",,Oui,,,X,X,,avancé,débutant,débutant,jamais utilisé,débutant,jamais utilisé,avancé,débutant,jamais utilisé,Oui,"R;avancé,Python",,Oui,,X,X,X,X,avancé,débutant,jamais utilisé,avancé,avancé,avancé,Oui,Asgard,,Oui,,avancé,débutant,avancé,débutant,débutant,débutant,débutant,Oui,Superset;niveau avancé,,Oui,,X,X,X,débutant,jamais utilisé,débutant,débutant,débutant,Oui,"Gitlab;niveau 2,Python;niveau 1 et 2,R;niveau 2",,Oui,,,,jamais utilisé,jamais utilisé,jamais utilisé,avancé,jamais utilisé,avancé,débutant,avancé,avancé,Oui,"Gitlab;niveau 2,Taiga,Redmine,Javascript,Rshiny;niveau 1,Python;niveau 1",,1
4,12,14306449,07/12/2022 - 16:31,07/12/2022 - 16:31,07/12/2022 - 16:31,0,0.0.0.0,0,Anonymous,DDT57,MOTP,Oui,,,X,X,débutant,débutant,avancé,avancé,jamais utilisé,jamais utilisé,jamais utilisé,jamais utilisé,jamais utilisé,Oui,Géo-IDE,,Oui,,,X,X,X,avancé,avancé,jamais utilisé,jamais utilisé,jamais utilisé,jamais utilisé,jamais utilisé,débutant,débutant,Oui,Mapinfo,,Oui,,,,,,avancé,avancé,jamais utilisé,jamais utilisé,jamais utilisé,jamais utilisé,Oui,PostGre/Postgis,,Oui,,avancé,jamais utilisé,jamais utilisé,débutant,jamais utilisé,jamais utilisé,jamais utilisé,Oui,Géo-IDE carto,,Non,Oui,,,,,,,,,,,,Non,Oui,,,,,,,,,,,,,,,1
5,13,14306978,07/12/2022 - 16:56,07/12/2022 - 16:56,07/12/2022 - 16:56,0,0.0.0.0,0,Anonymous,DDT57,DT,Oui,,,X,,débutant,débutant,avancé,débutant,jamais utilisé,jamais utilisé,jamais utilisé,jamais utilisé,jamais utilisé,Non,,,Non,Non,,,,,,,,,,,,,,,,,Non,Non,,,,,,,,,,,,,,Non,Non,,,,,,,,,,,Non,Non,,,,,,,,,,,,Non,Non,,,,,,,,,,,,,,,1
6,14,14313046,08/12/2022 - 08:31,08/12/2022 - 08:31,08/12/2022 - 08:31,0,0.0.0.0,0,Anonymous,DDT57,SERAF,Oui,,,X,X,avancé,jamais utilisé,avancé,jamais utilisé,jamais utilisé,jamais utilisé,jamais utilisé,jamais utilisé,jamais utilisé,Oui,"ACCESS,METABASE",,Oui,,X,X,,,avancé,jamais utilisé,jamais utilisé,jamais utilisé,jamais utilisé,jamais utilisé,jamais utilisé,jamais utilisé,jamais utilisé,Oui,ACCESS,,Oui,,X,X,,,avancé,jamais utilisé,jamais utilisé,jamais utilisé,jamais utilisé,jamais utilisé,Oui,ACCESS,,Non,Oui,,,,,,,,,,,Oui,,,,,avancé,jamais utilisé,jamais utilisé,jamais utilisé,jamais utilisé,Non,,,Oui,,,,jamais utilisé,jamais utilisé,débutant,jamais utilisé,jamais utilisé,jamais utilisé,jamais utilisé,jamais utilisé,jamais utilisé,Oui,"JAVASCRIPT,PHP",,
7,15,14314883,08/12/2022 - 10:01,08/12/2022 - 10:01,08/12/2022 - 10:01,0,0.0.0.0,0,Anonymous,DDT,SH,Oui,,X,,,avancé,débutant,avancé,jamais utilisé,jamais utilisé,jamais utilisé,jamais utilisé,jamais utilisé,jamais utilisé,Non,,,Oui,,,,,,débutant,jamais utilisé,jamais utilisé,jamais utilisé,jamais utilisé,jamais utilisé,jamais utilisé,jamais utilisé,jamais utilisé,Non,,,Non,Non,,,,,,,,,,,,,,Non,Non,,,,,,,,,,,Non,Non,,,,,,,,,,,,Non,Non,,,,,,,,,,,,,,,
8,16,14315154,08/12/2022 - 10:13,08/12/2022 - 10:13,08/12/2022 - 10:13,0,0.0.0.0,0,Anonymous,DDT57,SH,Oui,,,X,X,avancé,débutant,avancé,débutant,expert,jamais utilisé,jamais utilisé,jamais utilisé,débutant,Oui,"QGIS;dans un prochain poste,autres","france cadastre, geokit",Oui,,,X,X,X,avancé,débutant,avancé,jamais utilisé,expert,jamais utilisé,jamais utilisé,jamais utilisé,jamais utilisé,Oui,QGIS;Mise à niveau,"Infocentre,Geokit",Non,Oui,,,,,,,,,,,,,,Non,Non,,,,,,,,,,,Non,Non,,,,,,,,,,,,Non,Non,,,,,,,,,,,,,,,1
9,17,14315181,08/12/2022 - 10:15,08/12/2022 - 10:15,08/12/2022 - 10:15,0,0.0.0.0,0,Anonymous,DDT57,SABE,Oui,,X,X,,avancé,avancé,avancé,avancé,jamais utilisé,jamais utilisé,jamais utilisé,jamais utilisé,jamais utilisé,Oui,Qgis;pour la mise en  forme de données,,Non,Non,,,,,,,,,,,,,,,,,Non,Non,,,,,,,,,,,,,,Non,Non,,,,,,,,,,,Non,Non,,,,,,,,,,,,Non,Non,,,,,,,,,,,,,,,1
10,18,14315364,08/12/2022 - 10:22,08/12/2022 - 10:22,08/12/2022 - 10:22,0,0.0.0.0,0,Anonymous,DREAL,MOTP,Oui,,,X,X,jamais utilisé,jamais utilisé,avancé,débutant,jamais utilisé,jamais utilisé,jamais utilisé,jamais utilisé,jamais utilisé,Non,,MapInfo,Oui,,X,X,X,X,avancé,débutant,avancé,jamais utilisé,jamais utilisé,jamais utilisé,jamais utilisé,jamais utilisé,jamais utilisé,Non,,,Oui,,X,,,,avancé,débutant,jamais utilisé,jamais utilisé,jamais utilisé,jamais utilisé,Non,,,Non,Non,,,,,,,,,,,Non,Oui,,,,,,,,,,,,Non,Non,,,,,,,,,,,,,,,
11,19,14316433,08/12/2022 - 11:03,08/12/2022 - 11:03,08/12/2022 - 11:03,0,0.0.0.0,0,Anonymous,DDT57,SH,Oui,,,,X,avancé,avancé,avancé,jamais utilisé,débutant,débutant,jamais utilisé,jamais utilisé,jamais utilisé,Oui,infocentre,,Oui,,,X,,,avancé,jamais utilisé,jamais utilisé,jamais utilisé,débutant,jamais utilisé,débutant,jamais utilisé,jamais utilisé,Oui,infocentre,,Non,Non,,,,,,,,,,,,,,Non,Non,,,,,,,,,,,Oui,,X,,,avancé,jamais utilisé,jamais utilisé,jamais utilisé,jamais utilisé,Non,,,Non,Non,,,,,,,,,,,,,,,1
12,20,14317133,08/12/2022 - 11:29,08/12/2022 - 11:29,08/12/2022 - 11:29,0,0.0.0.0,0,Anonymous,DREAL,SPRA,Oui,,,,,débutant,débutant,débutant,jamais utilisé,jamais utilisé,jamais utilisé,jamais utilisé,jamais utilisé,jamais utilisé,Non,,,Oui,,,,,,débutant,débutant,débutant,jamais utilisé,jamais utilisé,jamais utilisé,jamais utilisé,jamais utilisé,jamais utilisé,Non,,,Non,Non,,,,,,,,,,,,,,Non,Non,,,,,,,,,,,Non,Oui,,,,,,,,,,,,Non,Non,,,,,,,,,,,,,,,1
13,21,14317169,08/12/2022 - 11:31,08/12/2022 - 11:31,08/12/2022 - 11:31,0,0.0.0.0,0,Anonymous,DREAL,SEBP,Oui,,,X,X,jamais utilisé,avancé,avancé,avancé,débutant,avancé,jamais utilisé,jamais utilisé,jamais utilisé,Non,,,Oui,,,,X,X,avancé,avancé,débutant,jamais utilisé,débutant,jamais utilisé,avancé,jamais utilisé,expert,Non,,,Non,Non,,,,,,,,,,,,,,Non,Non,,,,,,,,,,,Oui,,X,X,X,avancé,avancé,jamais utilisé,avancé,jamais utilisé,Non,,,Non,Non,,,,,,,,,,,,,,,
14,22,14317222,08/12/2022 - 11:34,08/12/2022 - 11:34,08/12/2022 - 11:34,0,0.0.0.0,0,Anonymous,DREAL,ST,Oui,,X,X,X,avancé,avancé,avancé,avancé,jamais utilisé,jamais utilisé,jamais utilisé,jamais utilisé,jamais utilisé,Oui,;Création gestion BDD,,Oui,,X,X,X,X,avancé,avancé,jamais utilisé,jamais utilisé,jamais utilisé,jamais utilisé,jamais utilisé,jamais utilisé,jamais utilisé,Oui,"Python,R",,Oui,,,,,,avancé,avancé,jamais utilisé,jamais utilisé,débutant,jamais utilisé,Oui,Tous,,Non,Oui,,,,,,,,,,,Non,Oui,,,,,,,,,,,,Oui,,,,jamais utilisé,jamais utilisé,jamais utilisé,jamais utilisé,jamais utilisé,débutant,jamais utilisé,jamais utilisé,débutant,Oui,Python,,1
15,23,14317232,08/12/2022 - 11:34,08/12/2022 - 11:34,08/12/2022 - 11:34,0,0.0.0.0,0,Anonymous,DREAL,UD,Oui,,,X,,jamais utilisé,débutant,avancé,débutant,jamais utilisé,jamais utilisé,jamais utilisé,jamais utilisé,jamais utilisé,Non,,,Non,Non,,,,,,,,,,,,,,,,,Non,Non,,,,,,,,,,,,,,Non,Non,,,,,,,,,,,Non,Oui,,,,,,,,,,,,Non,Non,,,,,,,,,,,,,,,1
16,24,14317329,08/12/2022 - 11:38,08/12/2022 - 11:38,08/12/2022 - 11:38,0,0.0.0.0,0,Anonymous,DREAL,SSA,Oui,,,X,X,avancé,avancé,expert,expert,avancé,avancé,jamais utilisé,expert,jamais utilisé,Non,,,Oui,,X,X,X,X,expert,expert,jamais utilisé,expert,jamais utilisé,jamais utilisé,avancé,jamais utilisé,avancé,Non,,,Oui,,X,X,X,X,expert,expert,jamais utilisé,avancé,expert,expert,Oui,Asgard,,Non,Non,,,,,,,,,,,Oui,,X,X,X,débutant,avancé,jamais utilisé,expert,débutant,Non,,FME,Oui,,X,,débutant,jamais utilisé,jamais utilisé,jamais utilisé,débutant,jamais utilisé,jamais utilisé,jamais utilisé,jamais utilisé,Oui,Qgis;plugin / python,,1
17,25,14317447,08/12/2022 - 11:44,08/12/2022 - 11:44,08/12/2022 - 11:44,0,0.0.0.0,0,Anonymous,DREAL,STECCLA,Oui,,,X,X,avancé,débutant,expert,avancé,jamais utilisé,avancé,jamais utilisé,jamais utilisé,jamais utilisé,Oui,;selon évolution de poste,"SQL,phpmyadmin",Oui,,,X,X,,expert,débutant,jamais utilisé,jamais utilisé,jamais utilisé,jamais utilisé,avancé,jamais utilisé,jamais utilisé,Oui,;Selon évolution de poste,,Oui,,X,X,X,X,expert,avancé,jamais utilisé,avancé,jamais utilisé,débutant,Oui,;selon évolution de poste,phpmyadmin,Non,Oui,,,,,,,,,,,Oui,,,,X,expert,jamais utilisé,jamais utilisé,jamais utilisé,jamais utilisé,Oui,;selon évolution de poste,php,Oui,,X,,jamais utilisé,jamais utilisé,débutant,avancé,jamais utilisé,jamais utilisé,jamais utilisé,jamais utilisé,jamais utilisé,Oui,;selon évolution de poste,php,
18,26,14317570,08/12/2022 - 11:49,08/12/2022 - 11:49,08/12/2022 - 11:49,0,0.0.0.0,0,Anonymous,DREAL,STECCLA,Oui,,,X,X,avancé,avancé,avancé,avancé,jamais utilisé,jamais utilisé,jamais utilisé,jamais utilisé,jamais utilisé,Non,,,Oui,,X,X,X,X,avancé,avancé,débutant,jamais utilisé,jamais utilisé,jamais utilisé,jamais utilisé,jamais utilisé,jamais utilisé,Non,,,Oui,,,,,,avancé,avancé,jamais utilisé,jamais utilisé,jamais utilisé,jamais utilisé,Non,,,Non,Non,,,,,,,,,,,Non,Non,,,,,,,,,,,,Non,Non,,,,,,,,,,,,,,,1
19,27,14317621,08/12/2022 - 11:52,08/12/2022 - 11:52,08/12/2022 - 11:52,0,0.0.0.0,0,Anonymous,DREAL,SEBP,Oui,,,X,X,débutant,débutant,débutant,débutant,jamais utilisé,jamais utilisé,jamais utilisé,jamais utilisé,jamais utilisé,Non,,,Oui,,,X,X,X,débutant,débutant,jamais utilisé,jamais utilisé,jamais utilisé,jamais utilisé,jamais utilisé,jamais utilisé,jamais utilisé,Non,,,Non,Non,,,,,,,,,,,,,,Non,Non,,,,,,,,,,,Non,Non,,,,,,,,,,,,Non,Non,,,,,,,,,,,,,,,1
20,28,14317672,08/12/2022 - 11:54,08/12/2022 - 11:54,08/12/2022 - 11:54,0,0.0.0.0,0,Anonymous,DREAL,SEBP,Oui,,,X,X,avancé,avancé,expert,expert,jamais utilisé,avancé,jamais utilisé,jamais utilisé,jamais utilisé,Non,,,Oui,,,X,X,X,expert,expert,avancé,débutant,jamais utilisé,jamais utilisé,avancé,avancé,débutant,Oui,"R,Python",,Oui,,X,X,X,,expert,expert,jamais utilisé,avancé,jamais utilisé,avancé,Non,,,Oui,,expert,jamais utilisé,avancé,jamais utilisé,jamais utilisé,jamais utilisé,jamais utilisé,Non,,R,Oui,,X,X,X,expert,débutant,avancé,jamais utilisé,jamais utilisé,Oui,"R,Python",,Oui,,X,,jamais utilisé,avancé,débutant,avancé,débutant,jamais utilisé,jamais utilisé,jamais utilisé,avancé,Oui,"R,Python",,
21,29,14317753,08/12/2022 - 11:58,08/12/2022 - 11:58,08/12/2022 - 11:58,0,0.0.0.0,0,Anonymous,DREAL,STECCLA,Oui,,X,,,débutant,débutant,avancé,débutant,débutant,jamais utilisé,jamais utilisé,jamais utilisé,jamais utilisé,Oui,QGIS;cartographier des guides,,Oui,,,X,,X,avancé,débutant,débutant,jamais utilisé,jamais utilisé,jamais utilisé,jamais utilisé,jamais utilisé,jamais utilisé,Oui,"QGIS,MapInfo",,Oui,,,X,,,débutant,débutant,jamais utilisé,jamais utilisé,jamais utilisé,jamais utilisé,Oui,QGIS;réalisation bilans,,Non,Oui,,,,,,,,,,,Non,Oui,,,,,,,,,,,,Non,Non,,,,,,,,,,,,,,,1
22,30,14317774,08/12/2022 - 11:59,08/12/2022 - 11:59,08/12/2022 - 11:59,0,0.0.0.0,0,Anonymous,DDT57,SERAF,Oui,,,X,X,jamais utilisé,jamais utilisé,avancé,avancé,jamais utilisé,débutant,jamais utilisé,jamais utilisé,jamais utilisé,Non,,,Oui,,X,X,X,X,avancé,avancé,jamais utilisé,jamais utilisé,jamais utilisé,jamais utilisé,débutant,jamais utilisé,jamais utilisé,Non,,,Oui,,X,X,X,X,avancé,débutant,jamais utilisé,avancé,débutant,débutant,Non,,,Non,Non,,,,,,,,,,,Non,Non,,,,,,,,,,,,Non,Non,,,,,,,,,,,,,,,1
23,31,14318191,08/12/2022 - 12:18,08/12/2022 - 12:18,08/12/2022 - 12:18,0,0.0.0.0,0,Anonymous,DDT57,SRECC,Oui,,,X,,jamais utilisé,jamais utilisé,jamais utilisé,débutant,jamais utilisé,jamais utilisé,jamais utilisé,jamais utilisé,jamais utilisé,Non,,"Geoportail,showMyStreet.com",Non,Non,,,,,,,,,,,,,,,,,Non,Non,,,,,,,,,,,,,,Non,Non,,,,,,,,,,,Non,Non,,,,,,,,,,,,Non,Non,,,,,,,,,,,,,,,
24,32,14318331,08/12/2022 - 12:26,08/12/2022 - 12:26,08/12/2022 - 12:26,0,0.0.0.0,0,Anonymous,DDT51,STPP,Oui,,,X,X,avancé,expert,avancé,expert,jamais utilisé,jamais utilisé,jamais utilisé,avancé,jamais utilisé,Non,,,Oui,,X,X,X,X,avancé,expert,avancé,jamais utilisé,jamais utilisé,jamais utilisé,jamais utilisé,jamais utilisé,jamais utilisé,Oui,Python ,postgresql,Oui,,X,X,X,X,avancé,expert,avancé,jamais utilisé,avancé,jamais utilisé,Oui,Asgard ,,Oui,,avancé,jamais utilisé,jamais utilisé,avancé,avancé,jamais utilisé,jamais utilisé,Non,,,Oui,,X,X,,avancé,jamais utilisé,jamais utilisé,avancé,jamais utilisé,Oui,Python ,,Non,Non,,,,,,,,,,,,,,,1
25,33,14318444,08/12/2022 - 12:34,08/12/2022 - 12:34,08/12/2022 - 12:34,0,0.0.0.0,0,Anonymous,DREAL,SEBP,Oui,,X,X,X,avancé,avancé,expert,avancé,jamais utilisé,jamais utilisé,jamais utilisé,jamais utilisé,jamais utilisé,Oui,;En fonction de l'intérêt de certains outils listés et que je ne connais pas,Geoportail,Oui,,X,,,X,expert,avancé,avancé,avancé,jamais utilisé,jamais utilisé,jamais utilisé,jamais utilisé,jamais utilisé,Oui,;selon intérêt des outils,,Non,Non,,,,,,,,,,,,,,Non,Non,,,,,,,,,,,Non,Non,,,,,,,,,,,,Non,Non,,,,,,,,,,,,,,,1
26,34,14318550,08/12/2022 - 12:41,08/12/2022 - 12:41,08/12/2022 - 12:41,0,0.0.0.0,0,Anonymous,DREAL,SPRA,Non,Non,,,,,,,,,,,,,,,,Non,Non,,,,,,,,,,,,,,,,,Non,Non,,,,,,,,,,,,,,Non,Non,,,,,,,,,,,Non,Non,,,,,,,,,,,,Non,Non,,,,,,,,,,,,,,,1
27,35,14318836,08/12/2022 - 12:58,08/12/2022 - 12:58,08/12/2022 - 12:58,0,0.0.0.0,0,Anonymous,DDT52,BEC,Oui,,,X,X,avancé,avancé,avancé,avancé,jamais utilisé,jamais utilisé,jamais utilisé,débutant,jamais utilisé,Non,,,Oui,,X,X,X,X,débutant,avancé,jamais utilisé,débutant,jamais utilisé,jamais utilisé,jamais utilisé,jamais utilisé,débutant,Oui,R,,Oui,,,X,,X,débutant,avancé,jamais utilisé,jamais utilisé,débutant,jamais utilisé,Non,,,Oui,,avancé,jamais utilisé,jamais utilisé,avancé,débutant,jamais utilisé,jamais utilisé,Non,,,Non,Oui,,,,,,,,,,,,Non,Non,,,,,,,,,,,,,,,1
28,36,14319109,08/12/2022 - 13:11,08/12/2022 - 13:11,08/12/2022 - 13:11,0,0.0.0.0,0,Anonymous,DREAL,STECCLA,Oui,,X,X,X,débutant,débutant,débutant,débutant,débutant,débutant,jamais utilisé,débutant,jamais utilisé,Non,,,Oui,,X,,X,X,débutant,débutant,jamais utilisé,jamais utilisé,jamais utilisé,jamais utilisé,jamais utilisé,jamais utilisé,jamais utilisé,Non,,,Oui,,X,,,,débutant,débutant,jamais utilisé,jamais utilisé,débutant,débutant,Non,,,Non,Non,,,,,,,,,,,Non,Oui,,,,,,,,,,,,Non,Oui,,,,,,,,,,,,,,,1
29,37,14319665,08/12/2022 - 13:43,08/12/2022 - 13:43,08/12/2022 - 13:43,0,0.0.0.0,0,Anonymous,DREAL,SPRA,Oui,,X,X,,jamais utilisé,débutant,avancé,débutant,jamais utilisé,jamais utilisé,jamais utilisé,jamais utilisé,jamais utilisé,Oui,;utilisation des plateformes web d'accès aux données & outils web intéractif,,Oui,,,X,,X,avancé,débutant,jamais utilisé,jamais utilisé,jamais utilisé,jamais utilisé,jamais utilisé,débutant,débutant,Oui,Mapinfo,,Oui,,X,,X,X,avancé,débutant,jamais utilisé,jamais utilisé,jamais utilisé,avancé,Non,,,Non,Oui,,,,,,,,,,,Oui,,X,X,,débutant,débutant,débutant,débutant,jamais utilisé,Oui,excel;macro,,Non,Non,,,,,,,,,,,,,,,1
30,38,14319850,08/12/2022 - 13:54,08/12/2022 - 13:54,08/12/2022 - 13:54,0,0.0.0.0,0,Anonymous,DREAL,UD,Oui,,,X,X,débutant,expert,avancé,avancé,jamais utilisé,jamais utilisé,jamais utilisé,débutant,jamais utilisé,Oui,Infocentre;pour connaitre les possibilités,,Oui,,X,X,X,X,débutant,avancé,débutant,débutant,jamais utilisé,jamais utilisé,jamais utilisé,jamais utilisé,jamais utilisé,Oui,R,,Non,Non,,,,,,,,,,,,,,Non,Non,,,,,,,,,,,Non,Non,,,,,,,,,,,,Non,Non,,,,,,,,,,,,,,,1
31,39,14319915,08/12/2022 - 13:57,08/12/2022 - 13:57,08/12/2022 - 13:57,0,0.0.0.0,0,Anonymous,DREAL,UD,Oui,,,,X,avancé,débutant,avancé,avancé,jamais utilisé,jamais utilisé,jamais utilisé,jamais utilisé,jamais utilisé,Non,,gunenv,Non,Non,,,,,,,,,,,,,,,,,Non,Non,,,,,,,,,,,,,,Non,Non,,,,,,,,,,,Non,Non,,,,,,,,,,,,Non,Non,,,,,,,,,,,,,,,1
32,40,14319966,08/12/2022 - 14:00,08/12/2022 - 14:00,08/12/2022 - 14:00,0,0.0.0.0,0,Anonymous,DREAL ,SEE,Oui,,,X,,débutant,débutant,débutant,jamais utilisé,jamais utilisé,jamais utilisé,jamais utilisé,jamais utilisé,jamais utilisé,Non,,,Oui,,,X,X,,avancé,débutant,débutant,débutant,jamais utilisé,jamais utilisé,jamais utilisé,jamais utilisé,jamais utilisé,Non,,,Non,Non,,,,,,,,,,,,,,Non,Non,,,,,,,,,,,Non,Non,,,,,,,,,,,,Non,Non,,,,,,,,,,,,,,,1
33,41,14320111,08/12/2022 - 14:08,08/12/2022 - 14:08,08/12/2022 - 14:08,0,0.0.0.0,0,Anonymous,DREAL ,UD,Oui,,,X,,avancé,avancé,avancé,débutant,jamais utilisé,jamais utilisé,jamais utilisé,jamais utilisé,jamais utilisé,Non,,,Oui,,,,X,X,avancé,débutant,jamais utilisé,débutant,jamais utilisé,jamais utilisé,jamais utilisé,jamais utilisé,jamais utilisé,Non,,,Non,Non,,,,,,,,,,,,,,Non,Non,,,,,,,,,,,Non,Non,,,,,,,,,,,,Non,Non,,,,,,,,,,,,,,,
34,42,14320584,08/12/2022 - 14:27,08/12/2022 - 14:27,08/12/2022 - 14:27,0,0.0.0.0,0,Anonymous,DREAL,SEBP,Oui,,,X,X,expert,expert,expert,expert,jamais utilisé,débutant,jamais utilisé,jamais utilisé,jamais utilisé,Oui,;Juste avoir une présentation des outils jamais utilisés,qfield,Non,Non,,,,,,,,,,,,,,,,,Non,Non,,,,,,,,,,,,,,Oui,,expert,jamais utilisé,débutant,avancé,expert,jamais utilisé,jamais utilisé,Oui,;Présentation des outils jamais utilisés,Qfield,Non,Oui,,,,,,,,,Oui,;formation sur l'automatisation,,Non,Non,,,,,,,,,,,,,,,1
35,43,14320659,08/12/2022 - 14:30,08/12/2022 - 14:30,08/12/2022 - 14:30,0,0.0.0.0,0,Anonymous,DREAL,SPRA,Oui,,,X,,avancé,débutant,avancé,jamais utilisé,débutant,jamais utilisé,jamais utilisé,jamais utilisé,jamais utilisé,Non,,gunenv,Oui,,,,X,X,avancé,jamais utilisé,jamais utilisé,jamais utilisé,jamais utilisé,jamais utilisé,jamais utilisé,jamais utilisé,débutant,Non,,,Oui,,,,,,avancé,jamais utilisé,jamais utilisé,jamais utilisé,jamais utilisé,jamais utilisé,Non,,infocentre,Oui,,avancé,débutant,jamais utilisé,jamais utilisé,débutant,jamais utilisé,jamais utilisé,Non,,,Oui,,,,X,avancé,jamais utilisé,jamais utilisé,jamais utilisé,jamais utilisé,Non,,,Non,Non,,,,,,,,,,,,,,,1
36,44,14320736,08/12/2022 - 14:33,08/12/2022 - 14:33,08/12/2022 - 14:33,0,0.0.0.0,0,Anonymous,DREAL,SPRA,Oui,,X,,,débutant,débutant,débutant,jamais utilisé,jamais utilisé,jamais utilisé,jamais utilisé,jamais utilisé,jamais utilisé,Oui,;visualiser les données sur un secteur géographique donné,,Non,Non,,,,,,,,,,,,,,,,,Non,Non,,,,,,,,,,,,,,Non,Non,,,,,,,,,,,Non,Non,,,,,,,,,,,,Non,Non,,,,,,,,,,,,,,,1
37,45,14321031,08/12/2022 - 14:45,08/12/2022 - 14:45,08/12/2022 - 14:45,0,0.0.0.0,0,Anonymous,DDT57,DT,Oui,,X,,,débutant,débutant,avancé,jamais utilisé,jamais utilisé,jamais utilisé,jamais utilisé,jamais utilisé,jamais utilisé,Non,,,Oui,,X,,,,débutant,jamais utilisé,jamais utilisé,jamais utilisé,jamais utilisé,jamais utilisé,jamais utilisé,jamais utilisé,jamais utilisé,Non,,,Non,Non,,,,,,,,,,,,,,Non,Non,,,,,,,,,,,Non,Non,,,,,,,,,,,,Non,Oui,,,,,,,,,,,,,,,1
38,46,14321076,08/12/2022 - 14:47,08/12/2022 - 14:47,08/12/2022 - 14:47,0,0.0.0.0,0,Anonymous,DDT,SABE,Oui,,X,,,débutant,débutant,avancé,débutant,jamais utilisé,jamais utilisé,jamais utilisé,jamais utilisé,jamais utilisé,Non,,,Non,Non,,,,,,,,,,,,,,,,,Non,Non,,,,,,,,,,,,,,Non,Non,,,,,,,,,,,Non,Non,,,,,,,,,,,,Non,Non,,,,,,,,,,,,,,,
39,47,14321444,08/12/2022 - 15:03,08/12/2022 - 15:03,08/12/2022 - 15:03,0,0.0.0.0,0,Anonymous,DREAL,SEBP,Non,Non,,,,,,,,,,,,,,,,Oui,,X,,,,avancé,débutant,jamais utilisé,jamais utilisé,jamais utilisé,jamais utilisé,jamais utilisé,jamais utilisé,débutant,Oui,Python;pour programmer,,Non,Non,,,,,,,,,,,,,,Non,Non,,,,,,,,,,,Non,Oui,,,,,,,,,,,,Non,Non,,,,,,,,,,,,,,,
40,48,14321913,08/12/2022 - 15:23,08/12/2022 - 15:23,08/12/2022 - 15:23,0,0.0.0.0,0,Anonymous,DDT,OTP,Oui,,X,,X,débutant,avancé,avancé,débutant,jamais utilisé,jamais utilisé,jamais utilisé,débutant,jamais utilisé,Non,,,Oui,,X,,X,,avancé,débutant,avancé,jamais utilisé,jamais utilisé,jamais utilisé,jamais utilisé,jamais utilisé,jamais utilisé,Non,,,Non,Non,,,,,,,,,,,,,,Oui,,avancé,jamais utilisé,jamais utilisé,débutant,avancé,jamais utilisé,jamais utilisé,Non,,,Oui,,,X,,avancé,jamais utilisé,jamais utilisé,avancé,jamais utilisé,Non,,,Non,Non,,,,,,,,,,,,,,,
41,49,14322385,08/12/2022 - 15:44,08/12/2022 - 15:44,08/12/2022 - 15:44,0,0.0.0.0,0,Anonymous,DDT57,SUH,Oui,,X,X,,débutant,débutant,avancé,débutant,jamais utilisé,jamais utilisé,jamais utilisé,jamais utilisé,jamais utilisé,Non,,,Oui,,,,X,X,débutant,débutant,débutant,jamais utilisé,jamais utilisé,jamais utilisé,jamais utilisé,jamais utilisé,jamais utilisé,Non,,,Non,Non,,,,,,,,,,,,,,Non,Non,,,,,,,,,,,Non,Oui,,,,,,,,,,,,Non,Oui,,,,,,,,,,,,,,,1
42,50,14322415,08/12/2022 - 15:44,08/12/2022 - 15:44,08/12/2022 - 15:44,0,0.0.0.0,0,Anonymous,DDT88,SUH,Non,Oui,,,,,,,,,,,,,,,,Non,Oui,,,,,,,,,,,,,,,,,Non,Oui,,,,,,,,,,,,,,Non,Oui,,,,,,,,,,,Non,Oui,,,,,,,,,,,,Non,Non,,,,,,,,,,,,,,,1
43,51,14323000,08/12/2022 - 16:04,08/12/2022 - 16:04,08/12/2022 - 16:04,0,0.0.0.0,0,Anonymous,DREAL,SCDD,Oui,,,X,X,avancé,avancé,expert,expert,débutant,jamais utilisé,jamais utilisé,expert,débutant,Non,,,Oui,,,,,,expert,expert,avancé,jamais utilisé,débutant,expert,jamais utilisé,expert,débutant,Non,,,Oui,,X,X,X,,expert,expert,jamais utilisé,jamais utilisé,expert,jamais utilisé,Non,,,Non,Oui,,,,,,,,,,,Oui,,,,,expert,débutant,expert,expert,expert,Non,,,Oui,,,,débutant,débutant,débutant,jamais utilisé,débutant,jamais utilisé,expert,débutant,expert,Oui,Javascript;amélioration de produit html généré via R ou Qgis,,1
44,52,14323057,08/12/2022 - 16:07,08/12/2022 - 16:07,08/12/2022 - 16:07,0,0.0.0.0,0,Anonymous,DREAL,UD,Oui,,X,X,X,débutant,débutant,expert,avancé,jamais utilisé,débutant,jamais utilisé,jamais utilisé,jamais utilisé,Oui,Access,,Oui,,X,X,X,X,expert,débutant,débutant,jamais utilisé,jamais utilisé,jamais utilisé,débutant,débutant,avancé,Oui,R,,Non,Oui,,,,,,,,,,,,,,Non,Oui,,,,,,,,,,,Oui,,X,X,X,avancé,avancé,débutant,débutant,jamais utilisé,Oui,psql,,Non,Oui,,,,,,,,,,,,,,,1
45,53,14323212,08/12/2022 - 16:14,08/12/2022 - 16:14,08/12/2022 - 16:14,0,0.0.0.0,0,Anonymous,DREAL,ST,Oui,,,X,X,avancé,débutant,débutant,jamais utilisé,jamais utilisé,jamais utilisé,jamais utilisé,jamais utilisé,jamais utilisé,Oui,"Exel,calc",rnc2,Non,Oui,,,,,,,,,,,,,,,,,Non,Oui,,,,,,,,,,,,,,Non,Oui,,,,,,,,,,,Non,Oui,,,,,,,,,,,,Non,Oui,,,,,,,,,,,,,,,1
46,54,14323432,08/12/2022 - 16:22,08/12/2022 - 16:22,08/12/2022 - 16:22,0,0.0.0.0,0,Anonymous,DREAL,SEBP,Oui,,,X,,jamais utilisé,débutant,débutant,débutant,jamais utilisé,jamais utilisé,jamais utilisé,jamais utilisé,jamais utilisé,Non,,,Non,Non,,,,,,,,,,,,,,,,,Non,Non,,,,,,,,,,,,,,Non,Oui,,,,,,,,,,,Non,Non,,,,,,,,,,,,Non,Non,,,,,,,,,,,,,,,1
47,55,14323472,08/12/2022 - 16:23,08/12/2022 - 16:23,08/12/2022 - 16:23,0,0.0.0.0,0,Anonymous,DREAL,SPRA,Oui,,,X,,jamais utilisé,débutant,avancé,débutant,jamais utilisé,jamais utilisé,débutant,jamais utilisé,jamais utilisé,Non,,,Non,Non,,,,,,,,,,,,,,,,,Oui,,,,,,débutant,débutant,jamais utilisé,jamais utilisé,jamais utilisé,jamais utilisé,Non,,,Non,Non,,,,,,,,,,,Non,Non,,,,,,,,,,,,Non,Oui,,,,,,,,,,,,,,,1
48,56,14324866,08/12/2022 - 17:33,08/12/2022 - 17:33,08/12/2022 - 17:33,0,0.0.0.0,0,Anonymous,DREAL,SPRA,Oui,,,X,X,avancé,débutant,avancé,avancé,jamais utilisé,débutant,jamais utilisé,débutant,jamais utilisé,Non,,RStudio,Oui,,X,X,X,X,avancé,avancé,jamais utilisé,avancé,jamais utilisé,jamais utilisé,débutant,avancé,débutant,Non,,,Non,Non,,,,,,,,,,,,,,Non,Non,,,,,,,,,,,Oui,,,X,X,avancé,débutant,avancé,débutant,débutant,Non,,,Non,Non,,,,,,,,,,,,,,,1
49,57,14329346,09/12/2022 - 08:08,09/12/2022 - 08:08,09/12/2022 - 08:08,0,0.0.0.0,0,Anonymous,DREAL,UD,Oui,,X,,,jamais utilisé,jamais utilisé,débutant,débutant,jamais utilisé,jamais utilisé,jamais utilisé,jamais utilisé,jamais utilisé,Non,,,Oui,,,,,,débutant,débutant,jamais utilisé,jamais utilisé,jamais utilisé,jamais utilisé,jamais utilisé,jamais utilisé,jamais utilisé,Non,,,Non,Oui,,,,,,,,,,,,,,Non,Oui,,,,,,,,,,,Non,Oui,,,,,,,,,,,,Non,Oui,,,,,,,,,,,,,,,1
50,58,14330513,09/12/2022 - 09:25,09/12/2022 - 09:25,09/12/2022 - 09:25,0,0.0.0.0,0,Anonymous,DREAL,STECCLA,Oui,,,X,,débutant,débutant,avancé,débutant,jamais utilisé,jamais utilisé,jamais utilisé,jamais utilisé,jamais utilisé,Oui,"QGIS,Access,;les autres je ne les connais pas",,Non,Oui,,,,,,,,,,,,,,,,,Oui,,X,X,,,avancé,débutant,jamais utilisé,jamais utilisé,jamais utilisé,jamais utilisé,Oui,Qgis,,Non,Oui,,,,,,,,,,,Non,Oui,,,,,,,,,,,,Non,Oui,,,,,,,,,,,,,,,1
51,59,14330876,09/12/2022 - 09:41,09/12/2022 - 09:41,09/12/2022 - 09:41,0,0.0.0.0,0,Anonymous,DDT88,SE,Oui,,X,,X,débutant,jamais utilisé,avancé,avancé,jamais utilisé,jamais utilisé,débutant,jamais utilisé,jamais utilisé,Oui,"géo-ide,DataGrandEst,Observatoires,;autres selon utilité",,Oui,,X,X,X,,avancé,avancé,jamais utilisé,jamais utilisé,jamais utilisé,jamais utilisé,jamais utilisé,jamais utilisé,jamais utilisé,Oui,;à voir selon utilité sur mon poste,,Non,Non,,,,,,,,,,,,,,Oui,,avancé,jamais utilisé,jamais utilisé,jamais utilisé,débutant,jamais utilisé,jamais utilisé,Oui,;selon utilité sur mon poste,,Non,Non,,,,,,,,,,,,Non,Non,,,,,,,,,,,,,,,1
52,60,14331070,09/12/2022 - 09:51,09/12/2022 - 09:51,09/12/2022 - 09:51,0,0.0.0.0,0,Anonymous,DREAL,SCDD,Oui,,X,X,X,avancé,avancé,avancé,avancé,jamais utilisé,débutant,jamais utilisé,débutant,jamais utilisé,Non,,,Oui,,X,X,X,X,débutant,avancé,avancé,jamais utilisé,jamais utilisé,jamais utilisé,débutant,jamais utilisé,jamais utilisé,Non,,,Oui,,X,X,,,débutant,avancé,débutant,débutant,débutant,jamais utilisé,Non,,,Oui,,débutant,jamais utilisé,débutant,avancé,avancé,jamais utilisé,jamais utilisé,Non,,,Non,Non,,,,,,,,,,,,Non,Non,,,,,,,,,,,,,,,
53,61,14331873,09/12/2022 - 10:25,09/12/2022 - 10:25,09/12/2022 - 10:25,0,0.0.0.0,0,Anonymous,DDT88,SCTS,Oui,,,X,X,avancé,avancé,avancé,avancé,jamais utilisé,jamais utilisé,jamais utilisé,avancé,jamais utilisé,Non,,,Oui,,X,X,X,X,avancé,avancé,jamais utilisé,jamais utilisé,jamais utilisé,jamais utilisé,jamais utilisé,jamais utilisé,jamais utilisé,Non,,,Oui,,X,X,X,,avancé,avancé,avancé,jamais utilisé,avancé,jamais utilisé,Non,,,Oui,,avancé,jamais utilisé,jamais utilisé,avancé,avancé,jamais utilisé,jamais utilisé,Non,,,Non,Oui,,,,,,,,,,,,Non,Oui,,,,,,,,,,,,,,,1
54,62,14334049,09/12/2022 - 11:39,09/12/2022 - 11:39,09/12/2022 - 11:39,0,0.0.0.0,0,Anonymous,DDT,ERC,Oui,,,,,avancé,avancé,avancé,avancé,jamais utilisé,débutant,jamais utilisé,avancé,jamais utilisé,Non,,R,Oui,,X,X,X,X,avancé,avancé,débutant,jamais utilisé,jamais utilisé,jamais utilisé,jamais utilisé,débutant,débutant,Oui,"Python;pour PsotgreSQL / QGis (automatisations),R;Shiny/RMarkDown",,Oui,,X,X,X,X,avancé,avancé,jamais utilisé,jamais utilisé,avancé,débutant,Oui,Postgre/PostGIS;développer mes compétences,,Oui,,avancé,jamais utilisé,jamais utilisé,débutant,avancé,jamais utilisé,jamais utilisé,Non,,,Oui,,X,X,X,débutant,débutant,débutant,débutant,jamais utilisé,Oui,"Calc,Python,R,psql",,Oui,,X,,débutant,jamais utilisé,jamais utilisé,jamais utilisé,débutant,jamais utilisé,jamais utilisé,jamais utilisé,débutant,Oui,"Python;automatisations/interfaçage entre applications/publication web/développement d'outils interactifs,RShiny;automatisations/interfaçage entre applications/publication web/développement d'outils interactifs",,
55,63,14334315,09/12/2022 - 11:48,09/12/2022 - 11:48,09/12/2022 - 11:48,0,0.0.0.0,0,Anonymous,DREAL,SEE,Oui,,,X,,avancé,avancé,avancé,jamais utilisé,jamais utilisé,jamais utilisé,jamais utilisé,jamais utilisé,jamais utilisé,Oui,QGIS;déterminer facilement les zones sensibles d'un territoire impactées par un document d'urbanisme,,Non,Non,,,,,,,,,,,,,,,,,Non,Non,,,,,,,,,,,,,,Non,Non,,,,,,,,,,,Non,Non,,,,,,,,,,,,Non,Non,,,,,,,,,,,,,,,1
56,64,14334336,09/12/2022 - 11:49,09/12/2022 - 11:49,09/12/2022 - 11:49,0,0.0.0.0,0,Anonymous,DDT88,SEAF,Oui,,X,X,,avancé,débutant,avancé,débutant,jamais utilisé,jamais utilisé,jamais utilisé,jamais utilisé,jamais utilisé,Oui,Qgis;pour la production de cartes,,Oui,,X,,X,X,avancé,débutant,jamais utilisé,jamais utilisé,jamais utilisé,jamais utilisé,jamais utilisé,jamais utilisé,jamais utilisé,Oui,"Qgis;production de cartes,Calc;établissement de bases de données de qualité",,Oui,,,X,,,avancé,débutant,jamais utilisé,jamais utilisé,jamais utilisé,jamais utilisé,Oui,"Qgis,Calc",,Non,Oui,,,,,,,,,,,Non,Oui,,,,,,,,,,,,Non,Non,,,,,,,,,,,,,,,1
57,65,14335925,09/12/2022 - 13:20,09/12/2022 - 13:20,09/12/2022 - 13:20,0,0.0.0.0,0,Anonymous,DDT57,SABE,Oui,,,X,,débutant,débutant,débutant,jamais utilisé,jamais utilisé,débutant,jamais utilisé,jamais utilisé,jamais utilisé,Non,,,Non,Non,,,,,,,,,,,,,,,,,Non,Non,,,,,,,,,,,,,,Non,Non,,,,,,,,,,,Non,Non,,,,,,,,,,,,Non,Non,,,,,,,,,,,,,,,1
58,66,14336841,09/12/2022 - 14:01,09/12/2022 - 14:01,09/12/2022 - 14:01,0,0.0.0.0,0,Anonymous,DDT57,SABE,Oui,,,X,,jamais utilisé,débutant,avancé,avancé,avancé,débutant,jamais utilisé,avancé,jamais utilisé,Non,,outils internes,Non,Non,,,,,,,,,,,,,,,,,Non,Non,,,,,,,,,,,,,,Non,Non,,,,,,,,,,,Non,Non,,,,,,,,,,,,Non,Non,,,,,,,,,,,,,,,1
59,67,14337441,09/12/2022 - 14:23,09/12/2022 - 14:23,09/12/2022 - 14:23,0,0.0.0.0,0,Anonymous,DDT57,OTP,Oui,,X,X,,avancé,avancé,avancé,débutant,débutant,jamais utilisé,jamais utilisé,jamais utilisé,jamais utilisé,Oui,"Infocentre;pour des requêtes particulières,excel;perfectionnement,calc;perfectionnement",insee,Oui,,X,,,,avancé,débutant,débutant,jamais utilisé,débutant,jamais utilisé,jamais utilisé,jamais utilisé,jamais utilisé,Oui,;idem question précédente,,Non,Non,,,,,,,,,,,,,,Non,Non,,,,,,,,,,,Non,Non,,,,,,,,,,,,Non,Non,,,,,,,,,,,,,,,1
60,68,14338060,09/12/2022 - 14:46,09/12/2022 - 14:46,09/12/2022 - 14:46,0,0.0.0.0,0,Anonymous,DDT88,SE,Oui,,,X,,débutant,débutant,avancé,débutant,jamais utilisé,débutant,jamais utilisé,débutant,jamais utilisé,Oui,outils web,,Oui,,,X,,,débutant,débutant,jamais utilisé,jamais utilisé,jamais utilisé,jamais utilisé,débutant,jamais utilisé,jamais utilisé,Oui,calc,,Oui,,X,,,,débutant,débutant,jamais utilisé,jamais utilisé,jamais utilisé,jamais utilisé,Oui,calc,,Non,Non,,,,,,,,,,,Non,Oui,,,,,,,,,,,,Non,Oui,,,,,,,,,,,,,,,1
61,69,14338928,09/12/2022 - 15:19,09/12/2022 - 15:19,09/12/2022 - 15:19,0,0.0.0.0,0,Anonymous,DREAL,STECCLA,Oui,,,X,,avancé,jamais utilisé,avancé,débutant,débutant,débutant,jamais utilisé,jamais utilisé,jamais utilisé,Oui,Access,,Oui,,X,,X,,avancé,jamais utilisé,jamais utilisé,jamais utilisé,débutant,jamais utilisé,débutant,jamais utilisé,jamais utilisé,Oui,;traiter des extractions,,Non,Oui,,,,,,,,,,,,,,Non,Non,,,,,,,,,,,Non,Oui,,,,,,,,,,,,Non,Non,,,,,,,,,,,,,,,1
62,70,14340093,09/12/2022 - 15:58,09/12/2022 - 15:58,09/12/2022 - 15:58,0,0.0.0.0,0,Anonymous,DDT88,BDM,Oui,,X,X,,débutant,débutant,avancé,débutant,jamais utilisé,jamais utilisé,jamais utilisé,jamais utilisé,jamais utilisé,Non,,,Oui,,X,X,X,X,avancé,débutant,jamais utilisé,jamais utilisé,jamais utilisé,jamais utilisé,jamais utilisé,jamais utilisé,jamais utilisé,Non,,,Oui,,X,X,X,,avancé,débutant,jamais utilisé,jamais utilisé,jamais utilisé,débutant,Non,,,Non,Non,,,,,,,,,,,Oui,,X,,,avancé,jamais utilisé,jamais utilisé,jamais utilisé,jamais utilisé,Non,,,Oui,,,,jamais utilisé,jamais utilisé,jamais utilisé,jamais utilisé,jamais utilisé,jamais utilisé,jamais utilisé,jamais utilisé,jamais utilisé,Non,,,1
63,71,14341461,09/12/2022 - 16:58,09/12/2022 - 16:58,09/12/2022 - 16:58,0,0.0.0.0,0,Anonymous,DDT51,SE,Oui,,,X,X,avancé,avancé,avancé,avancé,jamais utilisé,débutant,jamais utilisé,jamais utilisé,jamais utilisé,Oui,Access;mise en place d'une base de donnée,,Oui,,X,X,X,X,avancé,avancé,avancé,jamais utilisé,jamais utilisé,jamais utilisé,débutant,débutant,jamais utilisé,Oui,Access;traiter des données,,Non,Non,,,,,,,,,,,,,,Oui,,avancé,jamais utilisé,débutant,débutant,débutant,jamais utilisé,jamais utilisé,Non,,,Non,Oui,,,,,,,,,,,,Non,Oui,,,,,,,,,,,,,,,1
64,72,14342901,09/12/2022 - 18:44,09/12/2022 - 18:44,09/12/2022 - 18:44,0,0.0.0.0,0,Anonymous,DDT88,SUH,Oui,,X,,,jamais utilisé,jamais utilisé,avancé,avancé,jamais utilisé,jamais utilisé,jamais utilisé,jamais utilisé,jamais utilisé,Oui,QGIS;pour mise à jour,,Oui,,,,X,,avancé,débutant,jamais utilisé,jamais utilisé,jamais utilisé,jamais utilisé,jamais utilisé,jamais utilisé,jamais utilisé,Non,,,Non,Non,,,,,,,,,,,,,,Non,Non,,,,,,,,,,,Non,Non,,,,avancé,,,,,Non,,,Non,Non,,,,,,,,,,,,,,,1
65,73,14350009,10/12/2022 - 23:15,10/12/2022 - 23:15,10/12/2022 - 23:15,0,0.0.0.0,0,Anonymous,DREAL,UD,Oui,,,X,,débutant,jamais utilisé,avancé,jamais utilisé,jamais utilisé,débutant,jamais utilisé,jamais utilisé,jamais utilisé,Oui,;je ne connais pas suffisamment les outils pour évaluer mon besoin.,,Oui,,,X,,,avancé,jamais utilisé,jamais utilisé,jamais utilisé,jamais utilisé,jamais utilisé,débutant,jamais utilisé,jamais utilisé,Non,,,Non,Non,,,,,,,,,,,,,,Non,Non,,,,,,,,,,,Non,Non,,,,,,,,,,,,Non,Non,,,,,,,,,,,,,,,1
66,74,14356339,12/12/2022 - 07:33,12/12/2022 - 07:33,12/12/2022 - 07:33,0,0.0.0.0,0,Anonymous,DDT88,SUH,Non,Non,,,,,,,,,,,,,,,,Non,Non,,,,,,,,,,,,,,,,,Non,Non,,,,,,,,,,,,,,Non,Non,,,,,,,,,,,Non,Non,,,,,,,,,,,,Non,Non,,,,,,,,,,,,,,,1
67,75,14356446,12/12/2022 - 07:53,12/12/2022 - 07:53,12/12/2022 - 07:53,0,0.0.0.0,0,Anonymous,DREAL,SPRNH,Oui,,X,X,X,avancé,débutant,avancé,avancé,jamais utilisé,débutant,jamais utilisé,jamais utilisé,jamais utilisé,Non,,outils métier,Oui,,X,X,X,X,avancé,avancé,débutant,jamais utilisé,jamais utilisé,jamais utilisé,débutant,débutant,débutant,Oui,Python,outils métier,Oui,,X,X,,,avancé,avancé,jamais utilisé,débutant,jamais utilisé,jamais utilisé,Non,,,Oui,,avancé,jamais utilisé,débutant,jamais utilisé,débutant,jamais utilisé,débutant,Non,,,Non,Non,,,,,,,,,,,,Non,Non,,,,,,,,,,,,,,,1
68,76,14358973,12/12/2022 - 10:17,12/12/2022 - 10:17,12/12/2022 - 10:17,0,0.0.0.0,0,Anonymous,DDT67,AT,Oui,,,X,X,avancé,avancé,avancé,avancé,jamais utilisé,jamais utilisé,jamais utilisé,avancé,jamais utilisé,Non,,outils internes,Oui,,X,X,X,X,avancé,avancé,avancé,jamais utilisé,jamais utilisé,jamais utilisé,jamais utilisé,jamais utilisé,débutant,Oui,Python;réaliser des automatisations en lignes de commandes pour des traitements de données lourds,Outils internes;en batch par exemple pour convertir des référentiels rasters tif en dalles en format monodalle Gpkg,Oui,,X,X,X,X,avancé,avancé,débutant,jamais utilisé,avancé,jamais utilisé,Non,,geoide,Oui,,avancé,jamais utilisé,jamais utilisé,débutant,avancé,jamais utilisé,jamais utilisé,Non,,,Oui,,X,X,X,avancé,débutant,jamais utilisé,avancé,débutant,Oui,python,,Oui,,,X,débutant,jamais utilisé,jamais utilisé,jamais utilisé,jamais utilisé,jamais utilisé,débutant,jamais utilisé,débutant,Non,,,1
69,77,14359887,12/12/2022 - 10:52,12/12/2022 - 10:52,12/12/2022 - 10:52,0,0.0.0.0,0,Anonymous,DREAL,SPRNH,Oui,,,,X,débutant,débutant,débutant,débutant,jamais utilisé,jamais utilisé,jamais utilisé,jamais utilisé,jamais utilisé,Non,,,Non,Non,,,,,,,,,,,,,,,,,Non,Non,,,,,,,,,,,,,,Non,Non,,,,,,,,,,,Non,Non,,,,,,,,,,,,Non,Non,,,,,,,,,,,,,,,
70,78,14360137,12/12/2022 - 11:03,12/12/2022 - 11:03,12/12/2022 - 11:03,0,0.0.0.0,0,Anonymous,DREAL,SEBP,Oui,,,X,,expert,avancé,expert,débutant,jamais utilisé,jamais utilisé,jamais utilisé,jamais utilisé,jamais utilisé,Oui,access,,Oui,,,X,,X,avancé,débutant,jamais utilisé,jamais utilisé,jamais utilisé,jamais utilisé,débutant,jamais utilisé,jamais utilisé,Oui,"QGIS,MapInfo",,Non,Non,,,,,,,,,,,,,,Oui,,avancé,jamais utilisé,jamais utilisé,débutant,débutant,jamais utilisé,jamais utilisé,Oui,data grand est,,Non,Non,,,,,,,,,,,,Non,Non,,,,,,,,,,,,,,,1
71,79,14364721,12/12/2022 - 14:31,12/12/2022 - 14:31,12/12/2022 - 14:31,0,0.0.0.0,0,Anonymous,DDT08,SLU,Oui,,,X,X,avancé,avancé,expert,expert,avancé,débutant,jamais utilisé,débutant,avancé,Oui,PgAdmin,,Oui,,X,X,X,X,expert,expert,débutant,jamais utilisé,jamais utilisé,jamais utilisé,débutant,jamais utilisé,jamais utilisé,Oui,R,,Non,Non,,,,,,,,,,,,,,Oui,,expert,jamais utilisé,jamais utilisé,débutant,débutant,jamais utilisé,jamais utilisé,Non,,,Non,Oui,,,,expert,jamais utilisé,jamais utilisé,jamais utilisé,,,,,Non,Oui,,,,,,,,,,,,,,,1
72,80,14366461,12/12/2022 - 15:38,12/12/2022 - 15:38,12/12/2022 - 15:38,0,0.0.0.0,0,Anonymous,DREAL,ST,Oui,,,X,,jamais utilisé,jamais utilisé,expert,avancé,jamais utilisé,jamais utilisé,jamais utilisé,jamais utilisé,jamais utilisé,Non,,,Oui,,X,X,X,X,expert,avancé,avancé,jamais utilisé,jamais utilisé,jamais utilisé,jamais utilisé,jamais utilisé,jamais utilisé,Non,,,Non,Non,,,,,,,,,,,,,,Non,Non,,,,,,,,,,,Non,Non,,,,,,,,,,,,Non,Non,,,,,,,,,,,,,,,1
73,81,14368066,12/12/2022 - 16:44,12/12/2022 - 16:44,12/12/2022 - 16:44,0,0.0.0.0,0,Anonymous,DDT51,SHVD,Oui,,X,X,X,débutant,débutant,avancé,débutant,avancé,jamais utilisé,jamais utilisé,jamais utilisé,débutant,Oui,Qgis;pour créer des cartes pour les porter à connaissance et les différents avis sur les documents de planification.,,Oui,,,X,X,X,avancé,débutant,débutant,jamais utilisé,avancé,jamais utilisé,jamais utilisé,jamais utilisé,jamais utilisé,Oui,QGIS,geokit,Non,Non,,,,,,,,,,,,,,Non,Non,,,,,,,,,,,Non,Oui,,,,,,,,,,,,Non,Non,,,,,,,,,,,,,,,1
74,82,14374565,13/12/2022 - 08:56,13/12/2022 - 08:56,13/12/2022 - 08:56,0,0.0.0.0,0,Anonymous,DDT54,ERC,Oui,,X,X,X,avancé,avancé,avancé,expert,débutant,débutant,jamais utilisé,expert,jamais utilisé,Non,,RStudio,Oui,,X,X,X,X,avancé,expert,avancé,jamais utilisé,débutant,jamais utilisé,débutant,débutant,débutant,Oui,R,,Oui,,X,X,X,X,avancé,expert,jamais utilisé,débutant,avancé,jamais utilisé,Non,,,Oui,,avancé,jamais utilisé,jamais utilisé,débutant,expert,jamais utilisé,jamais utilisé,Non,,,Oui,,X,X,X,débutant,jamais utilisé,jamais utilisé,avancé,jamais utilisé,Oui,R,,Oui,,X,X,avancé,jamais utilisé,débutant,jamais utilisé,jamais utilisé,jamais utilisé,jamais utilisé,jamais utilisé,jamais utilisé,Oui,RShiny,,1
75,83,14374873,13/12/2022 - 09:16,13/12/2022 - 09:16,13/12/2022 - 09:16,0,0.0.0.0,0,Anonymous,DDT88,SEAF,Oui,,X,X,X,jamais utilisé,jamais utilisé,avancé,débutant,jamais utilisé,débutant,jamais utilisé,jamais utilisé,jamais utilisé,Non,,telepac,Oui,,X,X,X,X,avancé,débutant,débutant,jamais utilisé,jamais utilisé,jamais utilisé,débutant,débutant,jamais utilisé,Non,,,Oui,,X,X,,,avancé,débutant,jamais utilisé,débutant,jamais utilisé,jamais utilisé,Non,,,Oui,,avancé,jamais utilisé,débutant,jamais utilisé,jamais utilisé,jamais utilisé,jamais utilisé,Non,,,Non,Non,,,,,,,,,,,,Non,Non,,,,,,,,,,,,,,,1
76,84,14383443,13/12/2022 - 16:01,13/12/2022 - 16:01,13/12/2022 - 16:01,0,0.0.0.0,0,Anonymous,DREAL,SPRNH,Oui,,,X,X,débutant,débutant,avancé,avancé,débutant,débutant,jamais utilisé,jamais utilisé,avancé,Non,,"autostep,access",Oui,,X,X,X,X,avancé,avancé,débutant,jamais utilisé,avancé,jamais utilisé,jamais utilisé,jamais utilisé,jamais utilisé,Non,,,Non,Non,,,,,,,,,,,,,,Non,Non,,,,,,,,,,,Non,Non,,,,,,,,,,,,Non,Non,,,,,,,,,,,,,,,
77,85,14391780,14/12/2022 - 10:14,14/12/2022 - 10:14,14/12/2022 - 10:14,0,0.0.0.0,0,Anonymous,DDT55,SE,Oui,,,X,,débutant,jamais utilisé,débutant,avancé,jamais utilisé,jamais utilisé,jamais utilisé,jamais utilisé,jamais utilisé,Non,,isis,Oui,,,,,,débutant,avancé,débutant,jamais utilisé,jamais utilisé,jamais utilisé,jamais utilisé,jamais utilisé,jamais utilisé,Non,,,Non,Non,,,,,,,,,,,,,,Non,Non,,,,,,,,,,,Non,Non,,,,,,,,,,,,Non,Non,,,,,,,,,,,,,,,1
78,86,14391879,14/12/2022 - 10:19,14/12/2022 - 10:19,14/12/2022 - 10:19,0,0.0.0.0,0,Anonymous,DDT55,SUH,Oui,,,,X,débutant,débutant,avancé,jamais utilisé,avancé,avancé,jamais utilisé,jamais utilisé,jamais utilisé,Oui,"géo-ide,DataGrandEst,Observatoires",,Oui,,,X,X,,avancé,jamais utilisé,jamais utilisé,jamais utilisé,avancé,jamais utilisé,débutant,jamais utilisé,jamais utilisé,Oui,Access,,Non,Oui,,,,,,,,,,,,,,Non,Oui,,,,,,,,,,,Non,Oui,,,,,,,,,,,,Non,Oui,,,,,,,,,,,,,,,1
79,87,14392001,14/12/2022 - 10:26,14/12/2022 - 10:26,14/12/2022 - 10:26,0,0.0.0.0,0,Anonymous,DDT55,SE,Oui,,X,X,,jamais utilisé,débutant,débutant,débutant,jamais utilisé,débutant,jamais utilisé,jamais utilisé,jamais utilisé,Oui,"QGIS,Calc,Access,Géo-IDe",,Oui,,X,,,,débutant,débutant,jamais utilisé,jamais utilisé,jamais utilisé,jamais utilisé,débutant,jamais utilisé,jamais utilisé,Oui,"Calc,Qgis,Access",,Non,Non,,,,,,,,,,,,,,Non,Non,,,,,,,,,,,Non,Non,,,,,,,,,,,,Non,Non,,,,,,,,,,,,,,,1
80,88,14392205,14/12/2022 - 10:36,14/12/2022 - 10:36,14/12/2022 - 10:36,0,0.0.0.0,0,Anonymous,DDT55,SE,Oui,,,X,,jamais utilisé,jamais utilisé,avancé,jamais utilisé,jamais utilisé,jamais utilisé,jamais utilisé,jamais utilisé,jamais utilisé,Oui,CALC;FORMULE,GEOPORTAIL,Oui,,,X,,,avancé,jamais utilisé,jamais utilisé,jamais utilisé,jamais utilisé,jamais utilisé,jamais utilisé,jamais utilisé,jamais utilisé,Oui,ACCES,,Oui,,,X,,,avancé,jamais utilisé,jamais utilisé,jamais utilisé,jamais utilisé,jamais utilisé,Oui,"ACCES,CALC",,Oui,,avancé,jamais utilisé,jamais utilisé,jamais utilisé,jamais utilisé,jamais utilisé,jamais utilisé,Oui,"CALC,ACCES",,Oui,,,X,,débutant,jamais utilisé,jamais utilisé,jamais utilisé,jamais utilisé,Oui,CALC;STAT LOUP FAUNE SAUVAGE,CALC,Non,Non,,,,,,,,,,,,,,,1
81,89,14392504,14/12/2022 - 10:54,14/12/2022 - 10:54,14/12/2022 - 10:54,0,0.0.0.0,0,Anonymous,DDT,SCDT,Oui,,X,X,,débutant,débutant,débutant,jamais utilisé,débutant,jamais utilisé,jamais utilisé,jamais utilisé,jamais utilisé,Non,,,Oui,,,,X,X,avancé,jamais utilisé,jamais utilisé,jamais utilisé,débutant,jamais utilisé,jamais utilisé,jamais utilisé,jamais utilisé,Non,,,Non,Non,,,,,,,,,,,,,,Non,Non,,,,,,,,,,,Non,Non,,,,,,,,,,,,Non,Non,,,,,,,,,,,,,,,
82,90,14392974,14/12/2022 - 11:19,14/12/2022 - 11:19,14/12/2022 - 11:19,0,0.0.0.0,0,Anonymous,DDT55,SE,Oui,,X,,,débutant,jamais utilisé,avancé,jamais utilisé,jamais utilisé,jamais utilisé,jamais utilisé,jamais utilisé,jamais utilisé,Non,,,Non,Non,,,,,,,,,,,,,,,,,Non,Non,,,,,,,,,,,,,,Non,Non,,,,,,,,,,,Non,Non,,,,,,,,,,,,Non,Non,,,,,,,,,,,,,,,1
83,91,14394365,14/12/2022 - 12:35,14/12/2022 - 12:35,14/12/2022 - 12:35,0,0.0.0.0,0,Anonymous,DDT55,SUH,Oui,,,X,,avancé,avancé,avancé,débutant,jamais utilisé,débutant,jamais utilisé,jamais utilisé,jamais utilisé,Oui,"Qgis,access",urbansimul,Oui,,X,X,,,avancé,débutant,débutant,jamais utilisé,jamais utilisé,jamais utilisé,débutant,jamais utilisé,débutant,Non,,,Oui,,X,X,X,,avancé,débutant,jamais utilisé,débutant,jamais utilisé,jamais utilisé,Non,,,Non,Oui,,,,,,,,,,,Non,Oui,,,,,,,,,,,,Non,Non,,,,,,,,,,,,,,,1
84,92,14396025,14/12/2022 - 14:40,14/12/2022 - 14:40,14/12/2022 - 14:40,0,0.0.0.0,0,Anonymous,DREAL,ST,Non,Non,,,,,,,,,,,,,,,,Non,Non,,,,,,,,,,,,,,,,,Non,Non,,,,,,,,,,,,,,Non,Non,,,,,,,,,,,Non,Non,,,,,,,,,,,,Non,Non,,,,,,,,,,,,,,,
85,93,14396810,14/12/2022 - 15:22,14/12/2022 - 15:22,14/12/2022 - 15:22,0,0.0.0.0,0,Anonymous,DDT55,SCDT,Oui,,X,,,jamais utilisé,jamais utilisé,débutant,jamais utilisé,jamais utilisé,jamais utilisé,jamais utilisé,jamais utilisé,jamais utilisé,Non,,,Oui,,,,,,débutant,jamais utilisé,jamais utilisé,jamais utilisé,jamais utilisé,jamais utilisé,jamais utilisé,jamais utilisé,jamais utilisé,Non,,,Non,Non,,,,,,,,,,,,,,Non,Non,,,,,,,,,,,Non,Non,,,,,,,,,,,,Non,Non,,,,,,,,,,,,,,,1
86,94,14397117,14/12/2022 - 15:41,14/12/2022 - 15:41,14/12/2022 - 15:41,0,0.0.0.0,0,Anonymous,DDT,SCDT,Oui,,,X,,avancé,avancé,avancé,jamais utilisé,jamais utilisé,avancé,jamais utilisé,jamais utilisé,jamais utilisé,Non,,,Oui,,X,X,X,X,avancé,jamais utilisé,débutant,jamais utilisé,jamais utilisé,jamais utilisé,débutant,jamais utilisé,débutant,Non,,,Non,Non,,,,,,,,,,,,,,Non,Non,,,,,,,,,,,Non,Non,,,,,,,,,,,,Non,Non,,,,,,,,,,,,,,,
87,95,14397371,14/12/2022 - 15:55,14/12/2022 - 15:55,14/12/2022 - 15:55,0,0.0.0.0,0,Anonymous,DREAL,STECCLA,Oui,,X,X,,débutant,débutant,débutant,jamais utilisé,jamais utilisé,jamais utilisé,jamais utilisé,jamais utilisé,jamais utilisé,Non,,,Non,Non,,,,,,,,,,,,,,,,,Non,Non,,,,,,,,,,,,,,Non,Non,,,,,,,,,,,Non,Non,,,,,,,,,,,,Non,Non,,,,,,,,,,,,,,,
88,96,14397910,14/12/2022 - 16:24,14/12/2022 - 16:24,14/12/2022 - 16:24,0,0.0.0.0,0,Anonymous,DDT55,SH,Oui,,X,X,,jamais utilisé,débutant,avancé,jamais utilisé,jamais utilisé,jamais utilisé,jamais utilisé,jamais utilisé,jamais utilisé,Non,,,Oui,,,X,,,avancé,jamais utilisé,jamais utilisé,jamais utilisé,jamais utilisé,jamais utilisé,jamais utilisé,jamais utilisé,jamais utilisé,Oui,Infocentre;pour pouvoir utiliser les données,,Non,Oui,,,,,,,,,,,,,,Oui,,avancé,jamais utilisé,jamais utilisé,débutant,débutant,jamais utilisé,jamais utilisé,Oui,infocentre,,Non,Oui,,,,,,,,,,,,Non,Non,,,,,,,,,,,,,,,1
89,97,14398627,14/12/2022 - 17:03,14/12/2022 - 17:03,14/12/2022 - 17:03,0,0.0.0.0,0,Anonymous,DDT,SUA,Oui,,X,X,,débutant,jamais utilisé,avancé,débutant,débutant,jamais utilisé,jamais utilisé,jamais utilisé,jamais utilisé,Non,,,Oui,,,X,,,avancé,débutant,jamais utilisé,jamais utilisé,jamais utilisé,jamais utilisé,jamais utilisé,jamais utilisé,jamais utilisé,Non,,,Non,Non,,,,,,,,,,,,,,Non,Non,,,,,,,,,,,Non,Non,,,,,,,,,,,,Non,Non,,,,,,,,,,,,,,,
90,98,14404844,15/12/2022 - 10:21,15/12/2022 - 10:21,15/12/2022 - 10:21,0,0.0.0.0,0,Anonymous,DDT55,SE,Oui,,X,,,jamais utilisé,jamais utilisé,avancé,débutant,jamais utilisé,jamais utilisé,jamais utilisé,jamais utilisé,jamais utilisé,Non,,,Oui,,X,X,X,X,débutant,débutant,avancé,jamais utilisé,jamais utilisé,jamais utilisé,jamais utilisé,jamais utilisé,jamais utilisé,Non,,,Non,Non,,,,,,,,,,,,,,Non,Non,,,,,,,,,,,Non,Non,,,,,,,,,,,,Non,Non,,,,,,,,,,,,,,,1
91,99,14406061,15/12/2022 - 11:20,15/12/2022 - 11:20,15/12/2022 - 11:20,0,0.0.0.0,0,Anonymous,DDT10,SEB,Oui,,,X,X,jamais utilisé,avancé,avancé,avancé,débutant,débutant,débutant,débutant,jamais utilisé,Non,,,Oui,,X,X,X,X,avancé,avancé,avancé,jamais utilisé,débutant,jamais utilisé,débutant,jamais utilisé,jamais utilisé,Oui,Python,,Non,Oui,,,,,,,,,,,,,,Non,Oui,,,,,,,,,,,Non,Oui,,,,,,,,,,,,Non,Non,,,,,,,,,,,,,,,1
92,100,14406918,15/12/2022 - 12:01,15/12/2022 - 12:01,15/12/2022 - 12:01,0,0.0.0.0,0,Anonymous,DDT55,SUH,Oui,,,X,X,avancé,avancé,débutant,jamais utilisé,jamais utilisé,jamais utilisé,jamais utilisé,jamais utilisé,jamais utilisé,Non,,,Oui,,,,,,débutant,jamais utilisé,avancé,jamais utilisé,jamais utilisé,jamais utilisé,jamais utilisé,jamais utilisé,jamais utilisé,Non,,,Non,Non,,,,,,,,,,,,,,Non,Non,,,,,,,,,,,Non,Non,,,,,,,,,,,,Non,Non,,,,,,,,,,,,,,,1
93,101,14407621,15/12/2022 - 12:49,15/12/2022 - 12:49,15/12/2022 - 12:49,0,0.0.0.0,0,Anonymous,DDT57,SAME,Oui,,,X,X,avancé,débutant,expert,avancé,avancé,expert,jamais utilisé,débutant,avancé,Oui,Metabase,,Oui,,X,X,X,X,expert,avancé,jamais utilisé,jamais utilisé,avancé,jamais utilisé,expert,débutant,débutant,Oui,SAS,,Oui,,X,X,X,X,expert,avancé,débutant,expert,débutant,avancé,Non,,,Oui,,expert,avancé,expert,débutant,débutant,jamais utilisé,jamais utilisé,Oui,"Superset,Metabase",,Oui,,X,X,X,avancé,débutant,débutant,débutant,jamais utilisé,Oui,"Python,Gitlab",,Non,Oui,,,,,,,,,,,,,,,1
94,102,14409942,15/12/2022 - 15:09,15/12/2022 - 15:09,15/12/2022 - 15:09,0,0.0.0.0,0,Anonymous,DDT55,SCDT,Oui,,,X,X,jamais utilisé,débutant,avancé,avancé,jamais utilisé,jamais utilisé,jamais utilisé,débutant,jamais utilisé,Non,,,Oui,,X,X,X,,avancé,avancé,débutant,jamais utilisé,jamais utilisé,jamais utilisé,jamais utilisé,jamais utilisé,jamais utilisé,Non,,postgis,Non,Non,,,,,,,,,,,,,,Non,Non,,,,,,,,,,,Non,Non,,,,,,,,,,,,Non,Non,,,,,,,,,,,,,,,1
95,103,14410068,15/12/2022 - 15:16,15/12/2022 - 15:16,15/12/2022 - 15:16,0,0.0.0.0,0,Anonymous,DREAL,SPRNH,Oui,,,X,,débutant,débutant,débutant,débutant,jamais utilisé,jamais utilisé,jamais utilisé,débutant,jamais utilisé,Oui,pgadmin,ftp,Oui,,,,,,débutant,débutant,débutant,jamais utilisé,jamais utilisé,jamais utilisé,jamais utilisé,débutant,débutant,Non,,,Oui,,,,,,débutant,débutant,jamais utilisé,jamais utilisé,débutant,jamais utilisé,Non,,,Oui,,débutant,jamais utilisé,jamais utilisé,débutant,débutant,jamais utilisé,jamais utilisé,Non,,,Oui,,X,X,X,débutant,débutant,débutant,débutant,débutant,Non,,,Oui,,X,,débutant,débutant,jamais utilisé,jamais utilisé,débutant,jamais utilisé,débutant,jamais utilisé,débutant,Non,,,1
96,104,14410523,15/12/2022 - 15:34,15/12/2022 - 15:34,15/12/2022 - 15:34,0,0.0.0.0,0,Anonymous,DREAL,SEBP,Oui,,X,X,,débutant,avancé,avancé,débutant,jamais utilisé,jamais utilisé,jamais utilisé,jamais utilisé,jamais utilisé,Non,,,Oui,,X,,,,avancé,débutant,jamais utilisé,jamais utilisé,jamais utilisé,jamais utilisé,jamais utilisé,jamais utilisé,jamais utilisé,Non,,,Non,Non,,,,,,,,,,,,,,Non,Non,,,,,,,,,,,Non,Non,,,,,,,,,,,,Non,Non,,,,,,,,,,,,,,,
97,105,14411543,15/12/2022 - 16:19,15/12/2022 - 16:19,15/12/2022 - 16:19,0,0.0.0.0,0,Anonymous,DDT68,MIT,Oui,,,X,X,avancé,avancé,expert,expert,débutant,débutant,jamais utilisé,avancé,jamais utilisé,Oui,"Beyond,Infocentre",,Oui,,X,X,X,X,avancé,avancé,avancé,jamais utilisé,débutant,jamais utilisé,débutant,jamais utilisé,jamais utilisé,Oui,"R,Python",,Oui,,X,X,X,X,avancé,avancé,débutant,débutant,avancé,jamais utilisé,Oui,"pgAdmin,pSQL",,Oui,,avancé,débutant,débutant,débutant,avancé,jamais utilisé,jamais utilisé,Non,,outils interne,Non,Oui,,,,,,,,,,,,Oui,,,X,jamais utilisé,jamais utilisé,débutant,débutant,jamais utilisé,jamais utilisé,jamais utilisé,jamais utilisé,débutant,Oui,Python,"GeoIde,PGAdmin",1
98,106,14411782,15/12/2022 - 16:29,15/12/2022 - 16:29,15/12/2022 - 16:29,0,0.0.0.0,0,Anonymous,DDT,Unité Eau,Oui,,,X,X,jamais utilisé,débutant,débutant,débutant,jamais utilisé,jamais utilisé,jamais utilisé,jamais utilisé,jamais utilisé,Non,,,Non,Non,,,,,,,,,,,,,,,,,Non,Non,,,,,,,,,,,,,,Non,Non,,,,,,,,,,,Non,Non,,,,,,,,,,,,Non,Non,,,,,,,,,,,,,,,
99,107,14425365,16/12/2022 - 15:06,16/12/2022 - 15:06,16/12/2022 - 15:06,0,0.0.0.0,0,Anonymous,DDT55,DDT,Oui,,X,,,avancé,débutant,avancé,jamais utilisé,jamais utilisé,débutant,jamais utilisé,jamais utilisé,jamais utilisé,Non,,,Oui,,X,,,,avancé,jamais utilisé,débutant,jamais utilisé,jamais utilisé,jamais utilisé,débutant,jamais utilisé,jamais utilisé,Oui,Mapinfo,,Non,Oui,,,,,,,,,,,,,,Non,Oui,,,,,,,,,,,Non,Oui,,,,,,,,,,,,Non,Non,,,,,,,,,,,,,,,1
100,108,14425439,16/12/2022 - 15:09,16/12/2022 - 15:09,16/12/2022 - 15:09,0,0.0.0.0,0,Anonymous,DDT67,AT,Oui,,X,X,X,avancé,débutant,expert,débutant,débutant,débutant,jamais utilisé,débutant,jamais utilisé,Non,,,Oui,,X,X,X,X,expert,débutant,débutant,jamais utilisé,débutant,jamais utilisé,débutant,débutant,jamais utilisé,Oui,R,,Non,Non,,,,,,,,,,,,,,Non,Non,,,,,,,,,,,Oui,,X,,,débutant,jamais utilisé,débutant,débutant,jamais utilisé,Oui,"R,CALC",,Non,Non,,,,,,,,,,,,,,,
101,109,14438337,19/12/2022 - 09:37,19/12/2022 - 09:37,19/12/2022 - 09:37,0,0.0.0.0,0,Anonymous,DDT88,SCTS,Oui,,,X,,jamais utilisé,débutant,avancé,débutant,jamais utilisé,jamais utilisé,jamais utilisé,jamais utilisé,jamais utilisé,Non,,GEOPORTAIL,Non,Non,,,,,,,,,,,,,,,,,Non,Non,,,,,,,,,,,,,,Non,Non,,,,,,,,,,,Non,Non,,,,,,,,,,,,Non,Non,,,,,,,,,,,,,,,
102,110,14438451,19/12/2022 - 09:45,19/12/2022 - 09:45,19/12/2022 - 09:45,0,0.0.0.0,0,Anonymous,DDT54,SH,Non,Oui,,,,,,,,,,,,,,,,Non,Non,,,,,,,,,,,,,,,,,Non,Non,,,,,,,,,,,,,,Non,Non,,,,,,,,,,,Non,Non,,,,,,,,,,,,Non,Non,,,,,,,,,,,,,,,1
103,111,14439057,19/12/2022 - 10:29,19/12/2022 - 10:29,19/12/2022 - 10:29,0,0.0.0.0,0,Anonymous,DREAL,SEBP,Oui,,X,X,,avancé,avancé,avancé,débutant,jamais utilisé,débutant,jamais utilisé,jamais utilisé,jamais utilisé,Oui,;connaitre les possibilités offertes par les outils jamais utilisé,,Oui,,,,X,,avancé,débutant,jamais utilisé,jamais utilisé,jamais utilisé,jamais utilisé,débutant,jamais utilisé,jamais utilisé,Non,,,Non,Non,,,,,,,,,,,,,,Non,Non,,,,,,,,,,,Non,Non,,,,,,,,,,,,Non,Non,,,,,,,,,,,,,,,1
104,112,14440530,19/12/2022 - 12:10,19/12/2022 - 12:10,19/12/2022 - 12:10,0,0.0.0.0,0,Anonymous,DREAL,SCDD,Oui,,,X,X,avancé,expert,expert,expert,jamais utilisé,avancé,jamais utilisé,avancé,jamais utilisé,Oui,Metabase,,Oui,,X,X,X,X,avancé,expert,expert,jamais utilisé,jamais utilisé,jamais utilisé,avancé,jamais utilisé,avancé,Oui,Python,,Oui,,X,X,X,X,avancé,expert,jamais utilisé,avancé,avancé,avancé,Non,,,Oui,,avancé,jamais utilisé,avancé,avancé,avancé,débutant,débutant,Oui,"Superset,Metabase",nocodb,Oui,,X,X,X,avancé,avancé,jamais utilisé,avancé,débutant,Oui,"Python,Gitlab",,Oui,,X,X,avancé,jamais utilisé,débutant,avancé,jamais utilisé,avancé,débutant,débutant,avancé,Oui,"Javascript,Python;environnement de développement",,1
105,113,14443040,19/12/2022 - 15:50,19/12/2022 - 15:50,19/12/2022 - 15:50,0,0.0.0.0,0,Anonymous,DREAL,SEBP,Oui,,,X,X,débutant,débutant,avancé,expert,jamais utilisé,jamais utilisé,jamais utilisé,jamais utilisé,jamais utilisé,Non,,R,Oui,,X,,X,X,avancé,expert,jamais utilisé,débutant,jamais utilisé,jamais utilisé,jamais utilisé,expert,débutant,Non,,,Oui,,X,,,,débutant,avancé,jamais utilisé,jamais utilisé,jamais utilisé,jamais utilisé,Non,,,Non,Non,,,,,,,,,,,Oui,,X,X,X,débutant,avancé,expert,jamais utilisé,jamais utilisé,Non,,,Non,Oui,,,,,,,,,,,,,,,1
106,114,14443532,19/12/2022 - 16:25,19/12/2022 - 16:25,19/12/2022 - 16:25,0,0.0.0.0,0,Anonymous,DREAL,SCDD,Oui,,,X,X,avancé,avancé,avancé,jamais utilisé,débutant,débutant,jamais utilisé,jamais utilisé,avancé,Non,,,Oui,,,,X,X,avancé,jamais utilisé,jamais utilisé,jamais utilisé,débutant,débutant,débutant,débutant,jamais utilisé,Non,,,Non,Non,,,,,,,,,,,,,,Non,Non,,,,,,,,,,,Non,Non,,,,,,,,,,,,Non,Non,,,,,,,,,,,,,,,1
107,115,14447041,20/12/2022 - 09:02,20/12/2022 - 09:02,20/12/2022 - 09:02,0,0.0.0.0,0,Anonymous,DREAL,SEBP,Oui,,,X,X,avancé,avancé,avancé,avancé,jamais utilisé,débutant,jamais utilisé,jamais utilisé,jamais utilisé,Non,,,Oui,,,X,X,X,avancé,avancé,avancé,jamais utilisé,jamais utilisé,jamais utilisé,débutant,débutant,débutant,Non,,,Non,Non,,,,,,,,,,,,,,Oui,,avancé,jamais utilisé,débutant,avancé,débutant,jamais utilisé,jamais utilisé,Non,,,Non,Non,,,,,,,,,,,,Non,Non,,,,,,,,,,,,,,,1
108,116,14448377,20/12/2022 - 10:52,20/12/2022 - 10:52,20/12/2022 - 10:52,0,0.0.0.0,0,Anonymous,DREAL,SEE,Oui,,,X,,jamais utilisé,avancé,débutant,débutant,jamais utilisé,débutant,jamais utilisé,jamais utilisé,jamais utilisé,Oui,QGIS,,Oui,,,,,,débutant,débutant,jamais utilisé,jamais utilisé,jamais utilisé,jamais utilisé,débutant,jamais utilisé,jamais utilisé,Oui,qgis,,Non,Oui,,,,,,,,,,,,,,Non,Oui,,,,,,,,,,,Non,Non,,,,,,,,,,,,Non,Non,,,,,,,,,,,,,,,1
109,117,14453147,20/12/2022 - 17:34,20/12/2022 - 17:34,20/12/2022 - 17:34,0,0.0.0.0,0,Anonymous,DREAL,PHL,Oui,,X,X,,avancé,débutant,avancé,débutant,débutant,débutant,jamais utilisé,jamais utilisé,jamais utilisé,Non,,insee,Oui,,,X,X,X,avancé,débutant,débutant,jamais utilisé,débutant,jamais utilisé,débutant,jamais utilisé,jamais utilisé,Non,,,Non,Non,,,,,,,,,,,,,,Oui,,avancé,débutant,jamais utilisé,jamais utilisé,jamais utilisé,jamais utilisé,jamais utilisé,Non,,,Non,Non,,,,,,,,,,,,Non,Non,,,,,,,,,,,,,,,1
110,118,14459863,21/12/2022 - 14:53,21/12/2022 - 14:53,21/12/2022 - 14:53,0,0.0.0.0,0,Anonymous,DDT55,SCDT,Oui,,X,,,débutant,jamais utilisé,débutant,jamais utilisé,jamais utilisé,jamais utilisé,jamais utilisé,jamais utilisé,jamais utilisé,Non,,,Non,Non,,,,,,,,,,,,,,,,,Non,Non,,,,,,,,,,,,,,Non,Non,,,,,,,,,,,Non,Non,,,,,,,,,,,,Non,Non,,,,,,,,,,,,,,,1
111,119,14460390,21/12/2022 - 15:35,21/12/2022 - 15:35,21/12/2022 - 15:35,0,0.0.0.0,0,Anonymous,DREAL,SPRNH,Oui,,X,,,avancé,débutant,avancé,débutant,jamais utilisé,jamais utilisé,jamais utilisé,jamais utilisé,jamais utilisé,Non,,,Oui,,X,X,X,,avancé,débutant,jamais utilisé,jamais utilisé,jamais utilisé,jamais utilisé,jamais utilisé,jamais utilisé,jamais utilisé,Non,,,Oui,,X,,,,débutant,débutant,jamais utilisé,jamais utilisé,jamais utilisé,jamais utilisé,Oui,Qgis,,Oui,,avancé,jamais utilisé,jamais utilisé,débutant,débutant,jamais utilisé,jamais utilisé,Oui,data grand est,,Non,Oui,,,,,,,,,,,,Non,Non,,,,,,,,,,,,,,,1
112,120,14464759,22/12/2022 - 09:35,22/12/2022 - 09:35,22/12/2022 - 09:35,0,0.0.0.0,0,Anonymous,DDT08,SIG,Oui,,X,X,X,débutant,avancé,avancé,avancé,jamais utilisé,débutant,jamais utilisé,débutant,jamais utilisé,Non,,,Oui,,X,X,X,X,avancé,avancé,débutant,jamais utilisé,jamais utilisé,jamais utilisé,débutant,jamais utilisé,jamais utilisé,Oui,Python;découverte,,Oui,,X,,,,avancé,avancé,jamais utilisé,débutant,jamais utilisé,débutant,Non,,,Oui,,avancé,jamais utilisé,débutant,débutant,avancé,jamais utilisé,jamais utilisé,Non,,,Non,Oui,,,,,,,,,,,,Non,Oui,,,,,,,,,,,,,,,1
113,121,14467958,22/12/2022 - 15:01,22/12/2022 - 15:01,22/12/2022 - 15:01,0,0.0.0.0,0,Anonymous,DDT57,DDT,Oui,,X,,,avancé,jamais utilisé,avancé,jamais utilisé,jamais utilisé,débutant,jamais utilisé,jamais utilisé,jamais utilisé,Oui,QGIS,,Oui,,,,,,avancé,débutant,jamais utilisé,jamais utilisé,jamais utilisé,jamais utilisé,débutant,jamais utilisé,jamais utilisé,Oui,"QGIS,EXCEL",,Oui,,X,X,,,avancé,débutant,jamais utilisé,jamais utilisé,jamais utilisé,jamais utilisé,Oui,"CALC,QGIS",,Non,Oui,,,,,,,,,,,Non,Non,,,,,,,,,,,,Non,Non,,,,,,,,,,,,,,,1
114,122,14503319,02/01/2023 - 12:02,02/01/2023 - 12:02,02/01/2023 - 12:02,0,0.0.0.0,0,Anonymous,DREAL,SEBP,Oui,,,X,X,avancé,avancé,avancé,débutant,jamais utilisé,jamais utilisé,jamais utilisé,jamais utilisé,jamais utilisé,Oui,QGIS,osmose,Oui,,X,X,X,X,avancé,débutant,jamais utilisé,débutant,jamais utilisé,jamais utilisé,jamais utilisé,jamais utilisé,débutant,Oui,QGIS,,Oui,,X,,,,avancé,jamais utilisé,jamais utilisé,jamais utilisé,jamais utilisé,jamais utilisé,Non,,,Oui,,avancé,jamais utilisé,jamais utilisé,débutant,débutant,jamais utilisé,jamais utilisé,Non,,,Oui,,,,,débutant,débutant,jamais utilisé,jamais utilisé,jamais utilisé,Non,,,Oui,,,,débutant,jamais utilisé,jamais utilisé,jamais utilisé,jamais utilisé,jamais utilisé,jamais utilisé,jamais utilisé,avancé,Non,,,1
115,123,14505459,02/01/2023 - 15:31,02/01/2023 - 15:31,02/01/2023 - 15:31,0,0.0.0.0,0,Anonymous,DDT57,SH,Oui,,X,X,X,jamais utilisé,avancé,expert,expert,débutant,jamais utilisé,jamais utilisé,jamais utilisé,débutant,Non,,R,Oui,,X,X,X,X,expert,expert,expert,jamais utilisé,débutant,jamais utilisé,jamais utilisé,débutant,jamais utilisé,Oui,R;veut faire le 2e module du socle de base et éventuellement datavisualisation > analyse/représentation,,Oui,,X,X,,,expert,expert,jamais utilisé,jamais utilisé,jamais utilisé,jamais utilisé,Non,,,Oui,,expert,débutant,jamais utilisé,débutant,débutant,jamais utilisé,jamais utilisé,Non,,,Non,Oui,,,,,,,,,,,,Non,Oui,,,,,,,,,,,,,,,1
116,124,14512048,03/01/2023 - 10:21,03/01/2023 - 10:21,03/01/2023 - 10:21,0,0.0.0.0,0,Anonymous,DDT57,SH,Oui,,,X,X,jamais utilisé,avancé,avancé,expert,avancé,jamais utilisé,jamais utilisé,débutant,débutant,Non,,R,Oui,,X,X,X,X,avancé,expert,jamais utilisé,jamais utilisé,avancé,jamais utilisé,jamais utilisé,débutant,débutant,Oui,R;datavisualisation,,Oui,,X,X,X,,avancé,expert,jamais utilisé,jamais utilisé,débutant,jamais utilisé,Non,,SQLite,Oui,,avancé,avancé,jamais utilisé,débutant,débutant,jamais utilisé,jamais utilisé,Non,,QGIS,Oui,,X,X,,jamais utilisé,débutant,débutant,débutant,débutant,Oui,"Calc;macro,Gitlab;meilleure utilisation,Python","SQLite,Qgis",Non,Non,,,,,,,,,,,,,,,1
117,125,14512555,03/01/2023 - 10:44,03/01/2023 - 10:44,03/01/2023 - 10:44,0,0.0.0.0,0,Anonymous,DREAL,SEBP,Oui,,X,X,,débutant,débutant,avancé,avancé,jamais utilisé,débutant,jamais utilisé,jamais utilisé,jamais utilisé,Oui,Qgis,,Oui,,X,X,,X,avancé,avancé,avancé,avancé,jamais utilisé,jamais utilisé,jamais utilisé,jamais utilisé,jamais utilisé,Oui,"Qgis,ARcGis,Excel;perfectionnement",,Oui,,X,,,,avancé,débutant,jamais utilisé,jamais utilisé,jamais utilisé,jamais utilisé,Non,,,Oui,,avancé,jamais utilisé,jamais utilisé,débutant,débutant,jamais utilisé,jamais utilisé,Oui,"Data grand Est,GéoIDE carto",,Non,Non,,,,,,,,,,,,Oui,,X,,jamais utilisé,jamais utilisé,jamais utilisé,jamais utilisé,débutant,jamais utilisé,jamais utilisé,jamais utilisé,débutant,Non,,,1
118,126,14526036,04/01/2023 - 08:47,04/01/2023 - 08:47,04/01/2023 - 08:47,0,0.0.0.0,0,Anonymous,DDT51,SE,Oui,,,X,X,jamais utilisé,avancé,avancé,avancé,jamais utilisé,jamais utilisé,jamais utilisé,jamais utilisé,jamais utilisé,Non,,,Oui,,X,X,X,X,débutant,avancé,jamais utilisé,jamais utilisé,jamais utilisé,jamais utilisé,jamais utilisé,jamais utilisé,jamais utilisé,Non,,,Non,Oui,,,,,,,,,,,,,,Oui,,jamais utilisé,jamais utilisé,jamais utilisé,jamais utilisé,débutant,jamais utilisé,jamais utilisé,Non,,,Non,Non,,,,,,,,,,,,Non,Oui,,,,,,,,,,,,,,,1
119,127,14531747,04/01/2023 - 13:53,04/01/2023 - 13:53,04/01/2023 - 13:53,0,0.0.0.0,0,Anonymous,DREAL ,SEBP,Oui,,X,X,X,débutant,avancé,avancé,avancé,jamais utilisé,jamais utilisé,jamais utilisé,jamais utilisé,jamais utilisé,Oui,Access;gestion de BDD et compilation de données ,Geoportail,Oui,,,,,,débutant,débutant,jamais utilisé,jamais utilisé,jamais utilisé,jamais utilisé,jamais utilisé,jamais utilisé,jamais utilisé,Oui,R;traitment de tableaux,,Oui,,X,,,,avancé,avancé,jamais utilisé,jamais utilisé,jamais utilisé,jamais utilisé,Oui,Access,OSMOSE,Oui,,débutant,jamais utilisé,jamais utilisé,jamais utilisé,jamais utilisé,jamais utilisé,jamais utilisé,Oui,"Data Grand Est,Géo-IDE carto,Superset",,Non,Oui,,,,,,,,,,,,Non,Oui,,,,,,,,,,,,,,,1
120,128,14535080,04/01/2023 - 16:44,04/01/2023 - 16:44,04/01/2023 - 16:44,0,0.0.0.0,0,Anonymous,DREAL,STECCLA,Oui,,X,X,X,débutant,débutant,avancé,jamais utilisé,avancé,débutant,jamais utilisé,jamais utilisé,débutant,Oui,infocentres;pour SNE et SISAL,geokit,Oui,,X,X,X,X,avancé,jamais utilisé,jamais utilisé,jamais utilisé,avancé,jamais utilisé,débutant,jamais utilisé,jamais utilisé,Oui,infocentre,,Non,Non,,,,,,,,,,,,,,Oui,,avancé,avancé,débutant,débutant,jamais utilisé,jamais utilisé,jamais utilisé,Non,,,Non,Oui,,,,,,,,,,,,Non,Non,,,,,,,,,,,,,,,1
121,129,14543547,05/01/2023 - 10:50,05/01/2023 - 10:50,05/01/2023 - 10:50,0,0.0.0.0,0,Anonymous,DREAL,SCDD,Oui,,,X,X,avancé,débutant,avancé,avancé,jamais utilisé,débutant,débutant,avancé,jamais utilisé,Non,,,Oui,,X,X,X,X,avancé,avancé,débutant,jamais utilisé,jamais utilisé,jamais utilisé,débutant,débutant,débutant,Oui,Python;pour traitement de données (Pandas) et production de tableau de bord (Dash/Flask/...),,Oui,,X,X,X,X,avancé,débutant,avancé,jamais utilisé,avancé,jamais utilisé,Non,,,Oui,,avancé,jamais utilisé,débutant,débutant,débutant,débutant,débutant,Non,,"Rshiny,Python,Dash",Oui,,X,X,,débutant,débutant,débutant,avancé,avancé,Oui,Python;traitement de données/dataviz/automatisation,,Oui,,X,,débutant,débutant,jamais utilisé,jamais utilisé,jamais utilisé,débutant,avancé,avancé,avancé,Oui,"Python;formation sur un IDE type VSCode ou PyCharm,Javascript,HTML,CSS",,1
122,130,14548432,05/01/2023 - 14:29,05/01/2023 - 14:29,05/01/2023 - 14:29,0,0.0.0.0,0,Anonymous,DDT57,SABE,Oui,,X,X,,avancé,débutant,expert,avancé,débutant,débutant,jamais utilisé,jamais utilisé,jamais utilisé,Oui,Géo-ide;Pour savoir où et comment récupérer des données utiles,,Oui,,X,X,X,X,avancé,avancé,débutant,débutant,débutant,jamais utilisé,jamais utilisé,jamais utilisé,jamais utilisé,Non,,,Non,Non,,,,,,,,,,,,,,Non,Non,,,,,,,,,,,Non,Oui,,,,,,,,,,,,Non,Non,,,,,,,,,,,,,,,1
123,131,14549571,05/01/2023 - 15:11,05/01/2023 - 15:11,05/01/2023 - 15:11,0,0.0.0.0,0,Anonymous,DREAL,SCDD,Oui,,X,X,X,avancé,avancé,avancé,jamais utilisé,expert,débutant,débutant,débutant,expert,Non,,RStudio,Oui,,X,X,X,X,expert,jamais utilisé,jamais utilisé,jamais utilisé,expert,jamais utilisé,débutant,avancé,jamais utilisé,Non,,,Oui,,X,X,X,,avancé,jamais utilisé,jamais utilisé,jamais utilisé,débutant,débutant,Non,,,Oui,,expert,expert,débutant,débutant,débutant,jamais utilisé,jamais utilisé,Non,,,Oui,,X,X,X,expert,jamais utilisé,avancé,débutant,débutant,Oui,Gitlab,,Oui,,X,,jamais utilisé,débutant,débutant,jamais utilisé,jamais utilisé,jamais utilisé,débutant,jamais utilisé,jamais utilisé,Non,,,
124,132,14549763,05/01/2023 - 15:20,05/01/2023 - 15:20,05/01/2023 - 15:20,0,0.0.0.0,0,Anonymous,DREAL,SCDD,Oui,,,X,,débutant,jamais utilisé,avancé,jamais utilisé,débutant,débutant,jamais utilisé,jamais utilisé,jamais utilisé,Non,,,Oui,,X,,,,débutant,jamais utilisé,jamais utilisé,jamais utilisé,débutant,jamais utilisé,débutant,jamais utilisé,jamais utilisé,Non,,,Oui,,X,,,,débutant,jamais utilisé,jamais utilisé,débutant,jamais utilisé,jamais utilisé,Non,,,Non,Non,,,,,,,,,,,Non,Non,,,,,,,,,,,,Non,Non,,,,,,,,,,,,,,,1
125,133,14549876,05/01/2023 - 15:25,05/01/2023 - 15:25,05/01/2023 - 15:25,0,0.0.0.0,0,Anonymous,DREAL,SCDD,Oui,,,X,X,expert,expert,avancé,débutant,avancé,débutant,jamais utilisé,débutant,expert,Non,,R,Oui,,X,X,X,X,avancé,débutant,avancé,débutant,expert,avancé,avancé,débutant,jamais utilisé,Non,,,Oui,,X,X,X,,avancé,débutant,débutant,avancé,débutant,débutant,Non,,,Non,Non,,,,,,,,,,,Oui,,X,X,,avancé,jamais utilisé,débutant,débutant,débutant,Non,,,Non,Non,,,,,,,,,,,,,,,1
126,134,14549982,05/01/2023 - 15:29,05/01/2023 - 15:29,05/01/2023 - 15:29,0,0.0.0.0,0,Anonymous,DREAL,SCDD,Non,Oui,,,,,,,,,,,,,,,,Non,Oui,,,,,,,,,,,,,,,,,Non,Non,,,,,,,,,,,,,,Non,Oui,,,,,,,,,,,Non,Non,,,,,,,,,,,,Non,Non,,,,,,,,,,,,,,,1
127,135,14552919,05/01/2023 - 17:23,05/01/2023 - 17:23,05/01/2023 - 17:23,0,0.0.0.0,0,Anonymous,DREAL,ST,Oui,,,X,,débutant,débutant,avancé,jamais utilisé,jamais utilisé,jamais utilisé,jamais utilisé,jamais utilisé,jamais utilisé,Non,,"OISO,SAS Report Viewer",Oui,,X,,,X,avancé,jamais utilisé,jamais utilisé,jamais utilisé,jamais utilisé,débutant,jamais utilisé,jamais utilisé,jamais utilisé,Non,,OISO,Non,Non,,,,,,,,,,,,,,Non,Non,,,,,,,,,,,Non,Non,,,,,,,,,,,,Non,Non,,,,,,,,,,,,,,,1
